-- phpMyAdmin SQL Dump
-- version 4.5.1
-- http://www.phpmyadmin.net
--
-- Host: 127.0.0.1
-- Generation Time: 22 Des 2017 pada 07.49
-- Versi Server: 10.1.9-MariaDB
-- PHP Version: 5.5.30

SET SQL_MODE = "NO_AUTO_VALUE_ON_ZERO";
SET time_zone = "+00:00";


/*!40101 SET @OLD_CHARACTER_SET_CLIENT=@@CHARACTER_SET_CLIENT */;
/*!40101 SET @OLD_CHARACTER_SET_RESULTS=@@CHARACTER_SET_RESULTS */;
/*!40101 SET @OLD_COLLATION_CONNECTION=@@COLLATION_CONNECTION */;
/*!40101 SET NAMES utf8mb4 */;

--
-- Database: `syahbandar`
--

-- --------------------------------------------------------

--
-- Struktur dari tabel `gallery`
--

CREATE TABLE `gallery` (
  `id_gambar` varchar(10) NOT NULL,
  `gambar` text NOT NULL,
  `detail` text NOT NULL
) ENGINE=InnoDB DEFAULT CHARSET=latin1;

--
-- Dumping data untuk tabel `gallery`
--

INSERT INTO `gallery` (`id_gambar`, `gambar`, `detail`) VALUES
('GLR002', '_9413644717.jpg', 'Kegiatan ');

-- --------------------------------------------------------

--
-- Struktur dari tabel `kantorsyahbandar`
--

CREATE TABLE `kantorsyahbandar` (
  `idKantor` varchar(5) NOT NULL,
  `Kantor` varchar(100) NOT NULL,
  `Kelas` varchar(4) NOT NULL,
  `Alamat` varchar(500) NOT NULL
) ENGINE=InnoDB DEFAULT CHARSET=latin1;

--
-- Dumping data untuk tabel `kantorsyahbandar`
--

INSERT INTO `kantorsyahbandar` (`idKantor`, `Kantor`, `Kelas`, `Alamat`) VALUES
('K001', 'Syahbandar Utama Belawan', '-', 'Jl. Ujung Baru Terminal Penumpang Belawan Telp: (061) 6941424 Fax: (061) 6941424, 6942375 Email: '),
('K002', 'Syahbandar Utama Tanjung Priok Jakarta', '-', 'Jl. Padamarang No. 4 Tanjung Priok Jakarta Utara 14310 Telp: (021) 43931364, 43800054 Fax: (021) 43931364, 43935405 Email: adpelpriok@yahoo.co.id'),
('K003', 'Syahbandar Utama Tanjung Perak Surabaya', '-', 'Jl. Kalimas Baru No. 194 Surabaya Jawa Timur 60165 Telp: (031) 3291364 Fax: (031) 3291858 Email: syahbandarsby@yahoo.com'),
('K004', 'Syahbandar Makassar', '-', 'Jl. Hatta No. 2 Makassar Sulawesi Selatan 90173 Telp: (0411) 327555, 3627555 Fax: (0411) 323656, 3626856 Email: ');

-- --------------------------------------------------------

--
-- Struktur dari tabel `lokasi`
--

CREATE TABLE `lokasi` (
  `Lokasi_id` int(11) NOT NULL,
  `Lat` varchar(20) NOT NULL,
  `Longs` varchar(20) NOT NULL,
  `alamat` text NOT NULL
) ENGINE=InnoDB DEFAULT CHARSET=latin1;

--
-- Dumping data untuk tabel `lokasi`
--

INSERT INTO `lokasi` (`Lokasi_id`, `Lat`, `Longs`, `alamat`) VALUES
(1, '-6.1081453', '106.8795054', 'Kantor Kesyahbandaran Utama Tg Priok ');

-- --------------------------------------------------------

--
-- Struktur dari tabel `profileadmin`
--

CREATE TABLE `profileadmin` (
  `Nama_lengkap` varchar(25) NOT NULL,
  `Alamat` text NOT NULL,
  `Tempat_Lahir` varchar(15) NOT NULL,
  `Tanggal_Lahir` varchar(20) NOT NULL,
  `Tentang` text NOT NULL,
  `email` varchar(40) NOT NULL
) ENGINE=InnoDB DEFAULT CHARSET=latin1;

-- --------------------------------------------------------

--
-- Struktur dari tabel `statistik`
--

CREATE TABLE `statistik` (
  `ip` varchar(20) NOT NULL,
  `tanggal` date NOT NULL,
  `hits` int(10) NOT NULL,
  `online` varchar(255) NOT NULL
) ENGINE=InnoDB DEFAULT CHARSET=latin1;

--
-- Dumping data untuk tabel `statistik`
--

INSERT INTO `statistik` (`ip`, `tanggal`, `hits`, `online`) VALUES
('127.0.0.1', '2017-11-17', 220, '1510908686'),
('::1', '2017-11-17', 2, '1510888013');

-- --------------------------------------------------------

--
-- Struktur dari tabel `t_admin`
--

CREATE TABLE `t_admin` (
  `username` varchar(20) NOT NULL,
  `password` text NOT NULL,
  `gambar` text NOT NULL,
  `email` varchar(40) NOT NULL,
  `level` varchar(2) NOT NULL
) ENGINE=InnoDB DEFAULT CHARSET=latin1;

--
-- Dumping data untuk tabel `t_admin`
--

INSERT INTO `t_admin` (`username`, `password`, `gambar`, `email`, `level`) VALUES
('ADMIN', '$2y$10$8ASKiD3TRrXAy5DXeP0Bp.0sxI/yOIdO0oOYIaXbf7U2ZrayVdAl2', '14133_652879951389494_835773448_n.png', 'admin@gmail.com', '1'),
('TERRY', '$2y$10$dn9sfF.ArWockRhlPDTLYOaZV7H09fuzNwWHpygpXhUiKL7A0inFi', '1742938578_1123268058895.jpg', 'terry123@gmail.com', '2');

-- --------------------------------------------------------

--
-- Struktur dari tabel `t_beranda`
--

CREATE TABLE `t_beranda` (
  `id` varchar(10) NOT NULL,
  `gambar_sejarah` varchar(50) NOT NULL,
  `isi_sejarah` text NOT NULL
) ENGINE=InnoDB DEFAULT CHARSET=latin1;

--
-- Dumping data untuk tabel `t_beranda`
--

INSERT INTO `t_beranda` (`id`, `gambar_sejarah`, `isi_sejarah`) VALUES
('BRD001', 'pr.jpg', '<p>Tanjung Priok merupakan kawasan paling terkenal dan menjadi wilayah terpenting di Jakarta Utara karena di sana terdapat pelabuhan yang sudah beroperasi sejak zaman Hindia Belanda hingga sekarang. Belanda mengembangkan kawasan Tanjung Priok sebagai pelabuhan baru Batavia pada akhir abad ke-19 untuk menggantikan pelabuhan Sunda Kelapa yang berada di sebelah baratnya. Sebab, pelabuhan tersebut sudah menjadi terlalu kecil untuk menampung peningkatan lalu lintas perdagangan yang terjadi akibat pembukaan Terusan Suez. &nbsp; Pembangunan pelabuhan baru dimulai pada 1877 oleh Gubernur Jendaral Johan Wilhelm van Lansberge (1875-1881). Beberapa fasilitas dibangun untuk mendukung fungsi pelabuhan baru, diantaranya stasiun kereta api Tanjung Priok pada 1914.</p>');

-- --------------------------------------------------------

--
-- Struktur dari tabel `t_carrousel`
--

CREATE TABLE `t_carrousel` (
  `id_gambar` varchar(5) NOT NULL,
  `gambar` text NOT NULL
) ENGINE=InnoDB DEFAULT CHARSET=latin1;

--
-- Dumping data untuk tabel `t_carrousel`
--

INSERT INTO `t_carrousel` (`id_gambar`, `gambar`) VALUES
('CR001', '54593874975.jpg'),
('CR002', '_9413644717.jpg'),
('CR003', 'unnamed.png');

-- --------------------------------------------------------

--
-- Struktur dari tabel `t_gambarcarrousel`
--

CREATE TABLE `t_gambarcarrousel` (
  `id_gambar` varchar(30) NOT NULL,
  `gambar` varchar(30) NOT NULL
) ENGINE=InnoDB DEFAULT CHARSET=latin1;

--
-- Dumping data untuk tabel `t_gambarcarrousel`
--

INSERT INTO `t_gambarcarrousel` (`id_gambar`, `gambar`) VALUES
('CRS001', '1.jpg'),
('CRS002', '2.jpg'),
('CRS003', '3.jpg'),
('CRS004', 'img1.jpg'),
('CRS005', 'img2.jpg');

-- --------------------------------------------------------

--
-- Struktur dari tabel `t_komentar`
--

CREATE TABLE `t_komentar` (
  `nama` varchar(50) NOT NULL,
  `email` varchar(100) NOT NULL,
  `foto` varchar(800) NOT NULL,
  `komentar` varchar(500) NOT NULL,
  `waktu` varchar(20) NOT NULL
) ENGINE=InnoDB DEFAULT CHARSET=latin1;

-- --------------------------------------------------------

--
-- Struktur dari tabel `t_layananpublik`
--

CREATE TABLE `t_layananpublik` (
  `id_layananPublik` varchar(20) NOT NULL,
  `nama_layanan` text NOT NULL
) ENGINE=InnoDB DEFAULT CHARSET=latin1;

--
-- Dumping data untuk tabel `t_layananpublik`
--

INSERT INTO `t_layananpublik` (`id_layananPublik`, `nama_layanan`) VALUES
('LP001', 'Bagian Tata Usaha'),
('LP002', 'Bidang Status Hukum dan Sertifikasi Kapal'),
('LP003', 'Bidang keselamatan Berlayar'),
('LP004', 'Bidang Penjagaan dan Patroli');

-- --------------------------------------------------------

--
-- Struktur dari tabel `t_pegawai`
--

CREATE TABLE `t_pegawai` (
  `nip` varchar(30) NOT NULL,
  `namaPegawai` varchar(40) NOT NULL,
  `tempatLahir` varchar(20) NOT NULL,
  `tanggalLahir` varchar(15) NOT NULL,
  `agama` varchar(20) NOT NULL,
  `pendidikan` text NOT NULL,
  `pendidikanKedinasan` text NOT NULL,
  `pangkatGol` varchar(25) NOT NULL,
  `tmt` varchar(15) NOT NULL,
  `kepel` varchar(15) NOT NULL,
  `penjenjangan` varchar(15) NOT NULL,
  `jabatan` text NOT NULL,
  `kelasJabatan` varchar(2) NOT NULL,
  `unitKerja` text NOT NULL,
  `foto` text NOT NULL,
  `idBagian` varchar(20) NOT NULL
) ENGINE=InnoDB DEFAULT CHARSET=latin1;

--
-- Dumping data untuk tabel `t_pegawai`
--

INSERT INTO `t_pegawai` (`nip`, `namaPegawai`, `tempatLahir`, `tanggalLahir`, `agama`, `pendidikan`, `pendidikanKedinasan`, `pangkatGol`, `tmt`, `kepel`, `penjenjangan`, `jabatan`, `kelasJabatan`, `unitKerja`, `foto`, `idBagian`) VALUES
('120151100', 'AGUSLI JAMALI', 'BANDANERA', '13/08/1964', 'islam', 'SLTP', '-', 'JURU TK I', '01/04/2010', '-', '-', 'PENGAWAS SALVAGE DAN PEKERJAAN BAWAH AIR', '5', 'SEKSI PENUNJANG KESELAMATAN DAN PENYIDIKAN', '', 'PPP'),
('195804301981021003', 'AFDANSYAH', 'BANDUNG', '30/04/1958', 'islam', 'SLTP', 'BARANG DAN JASA', 'PENATA - II/C', '01/04/2003', '-', '-', 'PENGELOLA DATA DAN LAPORAN', '6', 'SEKSI TERTIB BERLAYAR', '', 'KKB'),
('195808141980021001', 'DADANG MUHARAM', 'GARUT', '14/08/1958', 'islam', 'SLTA', 'PENDAFTARAN KAPAL', 'PENATA MUDA TK I - III/B', '01/04/2001', '-', '-', 'PENYUSUN HIPOTEK KAPAL', '7', 'SEKSI STATUS HUKUM KAPAL', '', 'SHK'),
('195810231982021001', 'SUTIYO WIBOWO', 'KEBUMEN', '23/10/1958', 'islam', 'S1', 'SARCOM, GMDSS, MARINE INSPECTOR RADIO, FACTORY TRAINING PEMERIKSA RADIO', 'PENATA TK. I - III/D', '01/10/2013', '-', '-', 'MARINE INSPECTOR RADIO', '7', 'SEKSI SERTIFIKASI KESELAMATAN KAPAL', '', 'SHK'),
('195904081981032001', 'HERIYETTY', 'JAKARTA', '08/04/1959', 'islam', 'SLTA', 'PERKANTORAN', 'PENATA MUDA TK I - III/B', '01/04/2001', '-', 'SEPADA', 'PENYUSUN EXIBITUM BUKU JURNAL KAPAL DAN MEMORANDUM KAPAL', '7', 'SEKSI SERTIFIKASI KESELAMATAN KAPAL', '', 'SHK'),
('195910041983031001', 'AKHMADI', 'JAKARTA', '04/10/1959', 'islam', 'SLTA', 'BPLP BAROMBONG', 'PENATA MUDA TK I - III/B', '01/04/2014', '-', '-', 'KORDINATOR', '7', 'SEKSI PENJAGAAN', '', 'PPP'),
('195910081983031003', 'HERIYANTO', 'JAKARTA', '08/10/1959', 'islam', 'SLTA', '-', 'PENATA MUDA TK I - III/B', '01/04/2014', '-', '-', 'KORDINATOR', '7', 'SEKSI PENJAGAAN', '', 'PPP'),
('195910111980031002', 'RIDWAN SIHOMBING', 'JAKARTA', '11/10/1959', 'kristen', 'SLTA', '-', 'PENATA MUDA TK I - III/B', '01/10/2004', '-', '-', 'PEMERIKSA KECELAKAAN KAPAL', '6', 'SEKSI PENUNJANG KESELAMATAN DAN PENYIDIKAN', '', 'PPP'),
('195911111983031005', 'ROY TONNY C. TAMELA', 'JAKARTA', '11/11/1959', 'kristen', 'SD', '-', 'PENGATUR MUDA - II/A', '01/04/1999', '-', '-', 'PENGAWAS KEAMANAN DAN KETERTIBAN PELABUHAN', '6', 'SEKSI PENJAGAAN', '', 'PPP'),
('195911191981031002', 'PETERSON TATENGKI', 'JAKARTA', '19/11/1959', 'islam', 'SLTA', '-', 'PENATA MUDA TK I - III/B', '01/10/2007', '-', '-', 'MASINIS 1 KAPAL KELAS IV KNP 424', '8', 'SEKSI PATROLI', '', 'PPP'),
('195911291983031003', 'SUGIYANTO', 'BANYUMAS', '29/11/1959', 'islam', 'SLTA', '-', 'PENATA MUDA - III/A', '01/04/2012', '-', '-', 'PENGELOLA DATA DAN LAPORAN', '6', 'SEKSI PENJAGAAN', '', 'PPP'),
('195912161979031001', 'USMAN, SH', 'JAKARTA', '16/12/1959', 'katolik', 'S1', 'PSC', 'PENATA TK.I - III/D', '01/04/2006', '-', 'SEPALA/ADUM/PIM', 'KORDINATOR', '7', 'SEKSI PATROLI', '', 'PPP'),
('195912261983031003', 'JUNIAT TEGUH YUWONO', 'JAKARTA', '26/12/1959', 'islam', 'S1', 'BPLP BOROMBONG', 'PENATA - III/C', '01/04/2014', '-', '-', 'KORDINATOR', '7', 'SEKSI PENJAGAAN', '', 'PPP'),
('195912271984011001', 'IBRAHIM', 'MEDAN', '27/12/1959', 'islam', 'SLTA', 'BPLP BOROMBONG', 'PENATA MUDA - III/A', '01/04/2014', '-', '-', 'PENGAWAS TERTIB BANDAR DAN TERTIB BERLAYAR', '6', 'SEKSI TERTIB BANDAR', '', 'KKB'),
('195912301983021001', 'YANTUR', 'JAKARTA', '30/12/1959', 'islam', 'SLTA', '-', 'PENGATUR TK.I - II/D', '01/10/2011', '-', '-', 'PENGADMINITRASI UMUM', '5', 'SEKSI PENJAGAAN', '', 'PPP'),
('195912311979031005', 'I GUSTI GEDE DIRGA', 'BALI', '23/03/1959', 'hindu', 'SLTA', 'ADM.PERKANTORAN 83', 'PENATA MUDA TK I - III/B', '01/04/2001', '-', '-', 'TENAGA SAR / PENYELAM SCUBA', '7', 'SEKSI PATROLI', '', 'PPP'),
('196001141983031002', 'BAMBANG SUTRISNO', 'JAKARTA', '14/01/1960', 'islam', 'SLTA', '-', 'PENGATUR - II/C', '01/10/2005', '-', '-', 'PENGAWAS KEAMANAN DAN KETERTIBAN PELABUHAN', '6', 'SEKSI PENJAGAAN', '', 'PPP'),
('196002081982031004', 'SYAFRUDDIN RY', 'JAKARTA', '08/02/1960', 'islam', 'ST', '-', 'PENGATUR - II/C', '01/10/2008', '-', '-', 'PENGAWAS KEAMANAN DAN KETERTIBAN PELABUHAN', '6', 'SEKSI PENJAGAAN', '', 'PPP'),
('196002161981021001', 'HASAN', 'JAKARTA', '16/02/1960', 'islam', 'SLTA', 'SCUBA DIVERS TK.BCD', 'PENATA MUDA TK I - III/B', '01/04/2008', '-', '-', 'PENYIAPAN BANTUAN MUSIBAH DAN TENAGA SAR', '7', 'SEKSI PATROLI', '', 'PPP'),
('196003151992031001', 'DEFRANI', 'JAKARTA', '15/03/1960', 'islam', 'SLTA', '-', 'PENATA MUDA TK I - III/B', '01/10/2012', '-', '-', 'PENGELOLA DATA DAN LAPORAN', '6', 'SEKSI PATROLI', '', 'PPP'),
('196003231983031005', 'SOFIAN', 'JAKARTA', '23/03/1960', 'islam', 'SLTA', '-', 'PENGATUR - II/C', '01/04/2011', '-', '-', 'PENGAWAS KEAMANAN DAN KETERTIBAN PELABUHAN', '6', 'SEKSI PENJAGAAN', '', 'PPP'),
('196004141982031001', 'MARISI. S', 'JAKARTA', '14/04/1960', 'islam', 'SLTA', '-', 'PENATA MUDA TK I - III/B', '01/10/2009', '-', '-', 'PENGAWAS EMBARKASI DAN DEBARKASI', '5', 'SEKSI PENJAGAAN', '', 'PPP'),
('196004301982031003', 'SUPRIYANTO BANI', 'MANADO', '30/04/1960', 'kristen', 'SLTA', '-', 'PENATA MUDA TK I - III/B', '01/04/2004', '-', '-', 'PENGELOLA DATA DAN LAPORAN', '7', 'SEKSI PATROLI', '', 'PPP'),
('196006221982041001', 'SUBAGYO', 'MEDAN', '22/06/1960', 'islam', 'SLTA', '-', '-', '01/04/2003', '-', '-', 'KORDINATOR', '7', 'SEKSI PENJAGAAN', '', 'PPP'),
('196007241981021001', 'SEMI', 'MEDAN', '24/07/1960', 'islam', 'SLTA', 'SCUBA DIVERS TK.ABC', 'PENATA - III/C', '01/04/2013', '-', '-', 'PKP PENYELIA', '8', 'SEKSI PATROLI', '', 'PPP'),
('196007311983031001', 'JULI SANTOSO', 'MEDAN', '31/07/1960', 'islam', 'SLTP', '-', 'PENGATUR - II/C', '01/10/2001', '-', '-', 'KORDINATOR', '7', 'SEKSI PENJAGAAN', '', 'PPP'),
('196008161981022001', 'JACOBA JOSTENS', 'SURABAYA', '16/08/1960', 'kristen', 'S1', '-', 'PENATA MUDA TK I - III/B', '01/01/2016', 'BST', '-', 'PENGELOLA DATA DAN LAPORAN', '7', 'SEKSI TERTIB BANDAR', '', 'KKB'),
('196008231983011001', 'MOH ISMAIL', 'MEDAN', '23/08/1960', 'islam', 'SLTA', '-', 'PENATA MUDA TK I - III/B', '01/04/2014', '-', '-', 'KORDINATOR', '7', 'SEKSI PENJAGAAN', '', 'PPP'),
('196009151985031002', 'ENCENG', 'MEDAN', '15/09/1960', 'islam', 'SD', '-', 'PENGATUR MUDA - II/A', '01/04/2005', '-', '-', 'PELUMAS MESIN KAPAL KELAS IV KNP 488', '6', 'SEKSI PATROLI', '', 'PPP'),
('196011021980031003', 'FL. PURWANTO', 'MEDAN', '02/11/1960', 'kristen', 'SLTA', '-', 'PENATA MUDA TK I - III/B', '01/10/2001', '-', '-', 'KORDINATOR', '7', 'SEKSI PENJAGAAN', '', 'PPP'),
('196011161981021001', 'IMAM KOSTARI', 'MEDAN', '11/11/1960', 'islam', 'SLTA', '-', 'PENATA MUDA TK I - III/B', '01/04/2010', '-', '-', 'PENGELOLA DATA DAN LAPORAN', '6', 'SEKSI PENUNJANG KESELAMATAN DAN PENYIDIKAN', '', 'PPP'),
('196012031981022001', 'DJUMAESIH', 'JAKARTA', '17/12/1962', 'islam', 'SLTA', '-', 'PENATA MUDA TK I - III/B', '01/07/2001', '-', '-', 'PENGELOLA DATA DAN LAPORAN', '6', 'SEKSI SERTIFIKASI KESELAMATAN KAPAL', '', 'SHK'),
('196102191982031001', 'GITO TRI BUDIANTO', 'MEDAN', '19/02/1961', 'islam', 'SLTA', '-', 'PENATA - III/C', '01/10/2008', '-', '-', 'KORDINATOR', '7', 'SEKSI PENJAGAAN', '', 'PPP'),
('196102281982031002', 'DARIYO', 'MEDAN', '28/02/1961', 'islam', 'SLTA', '-', 'PENATA MUDA TK I - III/B', '01/04/2013', '-', '-', 'KORDINATOR', '7', 'SEKSI PATROLI', '', 'PPP'),
('196103151983031003', 'ARSEN SIMBOLON, S.PEL', 'MUARATOLU', '15/05/1961', 'kristen', 'S1', 'SAR 1988, BPLPD 1983, HANKAMNEG 1999, KESYAHBANDARAN B, MARINE INSPECTOR B', 'PENATA - III/C', '01/10/2014', 'ANT II', '-', 'PENGELOLA DOKUMEN KAPAL', '7', 'SEKSI TERTIB BERLAYAR', '', 'KKB'),
('196104021981021001', 'KORNEL BUTAR BUTAR, SH, MM', 'MEDAN', '02/04/1961', 'kristen', 'S2', '-', 'PEMBINA - IV/A', '01/04/2013', '-', '-', 'KORDINATOR', '7', 'SEKSI PATROLI', '', 'PPP'),
('196105011983031004', 'ANTONI SINURAT', 'MEDAN', '01/05/1961', 'kristen', 'SLTA', '-', 'PENATA MUDA TK I - III/B', '01/04/2011', '-', '-', 'KORDINATOR', '7', 'SEKSI PENJAGAAN', '', 'PPP'),
('196105031983032001', 'MARIYANI', '-', '10/12/2017', '-', '-', '-', 'PENATA MUDA TK I - III/B', '10/12/2017', '-', '-', 'PENGELOLA DATA DAN LAPORAN', '6', 'SUB BAGIAN KEPEGAWAIAN, UMUM DAN HUMAS', '', 'TU'),
('196106031983031002', 'ZAINAL', 'JAKARTA', '06/06/1961', 'islam', 'SLTA', 'BPLP BAROMBONG', 'PENATA MUDA TK I - III/B', '01/10/2016', '-', '-', 'PENGELOLA DATA DAN LAPORAN', '6', 'SEKSI SERTIFIKASI KESELAMATAN KAPAL', '', 'SHK'),
('196107251983011001', 'SYAIFUDIN', 'MEDAN', '25/07/1961', 'islam', 'SLTA', '-', 'PENATA MUDA - III/A', '01/12/2013', '-', '-', 'PENGAWAS KEAMANAN DAN KETERTIBAN PELABUHAN', '6', 'SEKSI PENJAGAAN', '', 'PPP'),
('196107291981022001', 'SAMIYA', 'CILACAP', '29/07/1961', 'islam', 'SLTA', '-', 'PENATA MUDA TK I - III/B', '01/04/2001', '-', '-', 'PENGOLAH DATA AWAK KAPAL', '7', 'SEKSI KEPELAUTAN', '', 'KKB'),
('196108271984031001', 'NGADINO, S.PEL', 'SOLO', '27/08/1961', 'islam', 'S1', 'BINTARA PELAUT KPLP, KESYAHBANDARAN 2001, FIRE FIGHTING OF SHIP   FIRE,  MARINE INSPECTOR  B', 'PENATA - III/C', '01/04/2017', 'ATT II', '-', 'PENGAWAS KAPAL ASING', '6', 'SEKSI TERTIB BERLAYAR', '', 'KKB'),
('196110201981031001', 'MARIHOT SITORUS', 'MEDAN', '20/10/1961', 'kristen', 'SLTA', '-', 'PENATA MUDA TK I - III/B', '01/10/2011', '-', '-', 'PENGAWAS BONGKAR/MUAT BARANG BERBAHAYA DAN BARANG LIMBAH KHUSUS', '5', 'SEKSI PENJAGAAN', '', 'PPP'),
('196112111984112001', 'OPNAMIYATI', 'CILACAP', '11/12/1961', 'islam', 'SLTA', 'KEPROTOKOLAN', 'PENATA MUDA - III/A', '01/10/2017', '-', '-', 'PENGOLAH DATA AWAK KAPAL', '7', 'SEKSI KEPELAUTAN', '', 'KKB'),
('196201041985031002', 'SUPRIYADI', 'BANYUMAS', '04/01/1962', 'islam', 'SLTA', '-', 'PENGATUR TK.I - II/D', '01/04/2013', '-', '-', 'PENGAWAS KEAMANAN DAN KETERTIBAN PELABUHAN', '6', 'SEKSI PENJAGAAN', '', 'PPP'),
('196207061983031001', 'M RUSLAN', 'JAKARTA', '06/07/1962', 'islam', 'SLTA', 'BPLP BOROMBONG', 'PENATA MUDA TK I - III/B', '01/04/2014', '-', '-', 'PENGELOLA DOKUMEN KAPAL', '7', 'SEKSI TERTIB BERLAYAR', '', 'KKB'),
('196207271982021001', 'ROJALI', 'MEDAN', '27/02/1962', 'islam', 'SLTA', '-', 'PENGATUR TK.I - II/D', '01/10/2009', '-', '-', 'PENGAWAS KEAMANAN DAN KETERTIBAN PELABUHAN', '6', 'SEKSI PENJAGAAN', '', 'PPP'),
('196208021992031002', 'AGUSTINUS', 'BANDANERA', '02/08/1962', 'kristen', 'SLTA', '-', 'PENGATUR TK.I - II/D', '01/04/2014', '-', '-', 'MUALIM I KAPAL KELAS IV KNP 424', '8', 'SEKSI PATROLI', '', 'PPP'),
('196208171991031002', 'SYAIFUL ARDHI ', 'MEDAN', '17/08/1962', 'islam', 'SLTA', '-', 'PENGATUR TK.I - II/D', '01/04/2013', 'ANT V', '-', 'PENGAWAS KEAMANAN DAN KETERTIBAN PELABUHAN', '6', 'SEKSI PENJAGAAN', '', 'PPP'),
('196209061986031002', 'SUPARMAN', 'MEDAN', '06/09/1962', 'islam', 'SLTA', '-', 'PENATA MUDA TK I - III/B', '01/04/2006', '-', '-', 'KORDINATOR', '7', 'SEKSI PATROLI', '', 'PPP'),
('196209081983031001', 'RATUA SIREGAR, S.PEL', 'NAGASARIBU', '08/09/1962', 'islam', 'S1', 'BPLB BOROMBONG', 'PENATA TK. I - III/D', '01/01/2014', '-', '-', 'PENGOLAHAN DATA AWAK KAPAL', '7', 'SEKSI KEPELAUTAN', '', 'KKB'),
('196211121982021001', 'ALI AKBAR', 'JAKARTA', '11/12/1962', 'islam', 'S1', 'MARINE RADIO', 'PENATA TK. I - IV/A', '01/04/2009', '-', '-', 'MARINE INSPECTOR RADIO', '7', 'SEKSI SERTIFIKASI KESELAMATAN KAPAL', '', 'SHK'),
('196212101983021001', 'ROSYID', 'MEDAN', '10/12/1962', 'Islam', 'SLTA', '-', 'PENATA MUDA TK I - III/B', '01/04/2015', '-', '-', 'KORDINATOR', '7', 'SEKSI PENJAGAAN', '', 'PPP'),
('196301311987031001', 'SOPAR SITUMORANG', 'MEDAN', '31/01/1963', 'kristen', 'S1', '-', 'PENATA TK.I - III/D', '01/10/2010', 'ANT D', '-', 'PENGOLAHAN DATA AWAK KAPAL', '7', 'SEKSI KEPELAUTAN', '', 'KKB'),
('196302181992031002', 'CAPT SUDIONO, M.MAR.', 'CIREBON', '02/03/1963', 'islam', 'S1', '-', 'PEMBINA UTAMA MUDA', '01/04/2017', 'ANT I', 'PIM III', 'KEPALA KANTOR KESYAHBANDARAN UTAMA TANJUNG PRIOK, 21-07-2017', '15', 'KEPALA KESYAHBANDARAN UTAMA ', 'sudiono.jpg', 'SB'),
('196303021986031003', 'SYARIFUDIN', 'JAKARTA', '02/03/1963', 'Islam', 'SD', '-', 'PENGATUR MUDA - II/A', '01/10/2009', '-', '-', 'PENGAWAS KEAMANAN DAN KETERTIBAN PELABUHAN', '6', 'SEKSI PENJAGAAN', '', 'PPP'),
('196306071984111001', 'SUWARNO', 'MEDAN', '07/06/1963', 'islam', 'SLTA', '-', 'PENGATUR TK.I - II/D', '01/10/2013', '-', '-', 'PENGELOLA DATA DAN LAPORAN', '6', 'SEKSI PENUNJANG KESELAMATAN DAN PENYIDIKAN', '', 'PPP'),
('196306131991031001', 'SUGIMAN', 'MEDAN', '13/06/1963', 'islam', 'SLTA', '-', 'PENATA MUDA TK I - III/B', '01/04/2011', '-', '-', 'KORDINATOR', '7', 'SEKSI PENJAGAAN', '', 'PPP'),
('196307011993032001', 'SRI ENDAH YULIANI, S.SOS', 'KEBUMEN', '01/07/1963', 'islam', 'S1', 'BENDAHARAWAN PENGELUARAN 02', 'PENATA TK.I - III/D', '01/04/2014', '-', '-', 'PENGOLAH DATA AWAK KAPAL', '7', 'SEKSI KEPELAUTAN', '', 'KKB'),
('196308171983012001', 'SARYATI, S.IP', 'MEDAN', '17/08/1963', 'islam', 'S1', 'BENDAHARAWAN A, PENGADAAN BARANG & JASA', 'PENATA MUDA TK I - III/D', '01/04/2013', '-', '-', 'KORDINATOR', '7', 'SEKSI PATROLI', '', 'PPP'),
('196308291993121001', 'ALKY ERIKSON', 'MEDAN', '28/08/1963', 'kristen', 'D.III', '-', 'PENATA - III/C', '01/10/2012', '-', '-', 'PEMERIKSA KECELAKAAN KAPAL', '6', 'SEKSI PENUNJANG KESELAMATAN DAN PENYIDIKAN', '', 'PPP'),
('196401121991031001', 'JAJA', 'MEDAN', '12/01/1964', 'islam', 'SLTP', '-', 'PENGATUR - II/C', '01/04/2010', '-', '-', 'PENGAWAS KEAMANAN DAN KETERTIBAN PELABUHAN', '6', 'SEKSI PENJAGAAN', '', 'PPP'),
('196404201991031004', 'SUWANDI', 'MADIUN', '20/04/1964', 'islam', 'SLTA', '-', 'PENATA MUDA TK I - III/B', '01/04/2010', '-', '-', 'KORDINATOR', '7', 'SEKSI PENJAGAAN', '', 'PPP'),
('196408151992031002', 'AGUS SUHARYONO', 'BANDUNG', '05/08/1964', 'islam', 'SLTA', '-', 'PENATA MUDA TK I - III/B', '01/04/2012', '-', '-', 'KORDINATOR', '7', 'SEKSI PATROLI', '', 'PPP'),
('196410081993032001', 'ELDANISWATI', 'PADANG', '08/10/1964', 'islam', 'SLTA', 'KOMPUTER', 'PENATA MUDA TK I - III/B', '01/04/2013', '-', '-', 'PENGOLAHAN DATA AWAK KAPAL', '7', 'SEKSI KEPELAUTAN', '', 'KKB'),
('196412101984011001', 'E.SUPRIYONO', 'JAKARTA', '10/12/1964', 'islam', 'SD', '-', 'PENGATUR MUDA - II/A', '01/04/2003', '-', '-', 'PETUGAS PENJAGAAN', '5', 'SEKSI PENJAGAAN', '', 'PPP'),
('196412191990121001', 'MEGA SUKARNO', 'BANDUNG', '19/12/1964', 'islam', 'SLTA', '-', 'PENATA MUDA TK I - III/B', '01/04/2011', '-', '-', 'KORDINATOR', '7', 'SEKSI PENJAGAAN', '', 'PPP'),
('196412221991031001', 'SYARIFUDIN', 'JAKARTA', '22/12/1964', 'islam', 'SLTA', '-', 'PENATA MUDA TK I - III/B', '01/10/2007', '-', '-', 'PENGADMINISTRASI UMUM', '5', 'SEKSI PENJAGAAN', '', 'PPP'),
('196501071992031001', 'DRS. ROY KASIONO, M.SC.', '-', '10/12/2017', '-', '-', '-', 'PEMBINA TK.I - IV/B', '10/12/2017', '-', '-', 'KEPALA BAGIAN TATA USAHA, 27-03-2015', '12', 'BAGIAN TATA USAHA', '', 'TU'),
('196501291990031001', 'ABDUL RACHMAN', 'MALANG', '29/01/1965', 'islam', 'S1', 'HYDROGRAPHIC TRINING  PROJECT 1992', 'PENATA MUDA TK I - III/B', '01/04/2010', '-', '-', 'PENGELOLA DATA DAN LAPORAN', '6', 'SEKSI PATROLI', '', 'PPP'),
('196504251991031002', 'SUDIRMAN', 'MALANG', '25/04/1965', 'islam', 'SLTA', '-', 'PENATA MUDA TK I - III/B', '01/04/2011', '-', '-', 'KORDINATOR', '7', 'SEKSI PENJAGAAN', '', 'PPP'),
('196506151992031003', 'ASWADI, SH.', 'MALANG', '15/06/1965', 'islam', 'S1', 'KORDINATOR', 'PENATA MUDA TK I - III/B', '01/10/2016', '-', '-', 'KORDINATOR', '7', 'SEKSI PENJAGAAN', '', 'PPP'),
('196508052005021001', 'JUNAIDI, SH', 'MALANG', '05/08/1965', 'islam', 'S1', '-', 'PENATA MUDA TK I - III/B', '01/04/2016', '-', '-', 'PENGELOLA DATA DAN LAPORAN', '6', 'SEKSI PATROLI', '', 'PPP'),
('196508081993031001', 'AGUS WAHYONO', 'MALANG', '08/08/1965', 'islam', 'SLTA', '-', 'PENATA MUDA TK I - III/B', '01/04/2014', '-', '-', 'NAHKODA KAPAL KELAS V KNP 504', '9', 'SEKSI PATROLI', '', 'PPP'),
('196509101991031001', 'SUPARDJA', 'MALANG', '10/09/1965', 'islam', 'SLTA', '-', 'PENGATUR TK.I - II/D', '01/10/2013', '-', '-', 'PENYIAPAN BANTUAN MUSIBAH DAN TENAGA SAR', '7', 'SEKSI PATROLI', '', 'PPP'),
('196509141984111001', 'HASANUDIN', 'MALANG', '14/09/1965', 'islam', 'SLTP', '-', 'PENGATUR TK.I - II/D', '01/04/2015', '-', '-', 'PENGAWAS KEAMANAN DAN KETERTIBAN PELABUHAN', '6', 'SEKSI PENJAGAAN', '', 'PPP'),
('196511101992031003', 'UDI SUPRIYATTO', 'JAKARTA', '10/11/1965', 'islam', 'SLTA', '-', 'PENATA MUDA TK I - III/B', '01/04/2012', '-', '-', 'MASINIS I KAPAL KELAS IV KNP 461', '8', 'SEKSI PATROLI', '', 'PPP'),
('196511211989032001', 'NOVIATINI, SH', 'PONTIANAK', '21/11/1965', 'islam', 'S1', 'ANALISIS JABATAN, BENDAHARAWAN A, PENDAFTARAN DAN KEBANGSAAN KAPAL ANGKT I.', 'PENATA TK.I - III/D', '01/04/2017', '-', '-', 'PENYUSUN HIPOTIK KAPAL', '7', 'SEKSI STATUS HUKUM KAPAL', '', 'SHK'),
('196512131993031001', 'WUKIR', 'PURWOKERTO', '23/12/1965', 'islam', 'S1', '-', 'PENATA - III/C', '01/04/2017', '-', '-', 'PENGOLAH DATA AWAK KAPAL', '7', 'SEKSI TERTIB BERLAYAR', '', 'KKB'),
('196601121990031001', 'MAKMUR SANI', 'JAKARTA', '02/01/1966', 'islam', 'SLTA', '-', 'PENATA MUDA TK I - III/B', '01/04/2010', '-', '-', 'PENGAWAS TERTIB BANDAR DAN TERTIB BERLAYAR', '6', 'SEKSI TERTIB BANDAR', '', 'KKB'),
('196603101991031001', 'AGUS KURNIA, S.IP., SE', '-', '10/12/2017', '-', '-', '-', 'PENATA - III/C', '10/12/2017', '-', '-', 'PENGELLA ADMINISTRASI PERKANTORAN', '7', 'SUB BAGIAN KEPEGAWAIAN, UMUM DAN HUMAS', '', 'TU'),
('196603131991031001', 'SLAMET RIYADI', 'MALANG', '13/03/1966', 'islam', 'SLTA', '-', 'PENATA MUDA TK I - III/B', '01/02/2010', '-', '-', 'PETUGAS PENJAGAAN', '5', 'SEKSI PATROLI', '', 'PPP'),
('196603311992031003', 'PUJIANTO, SE', 'SRAGEN', '31/03/1966', 'islam', 'S1', '-', 'PENATA - III/C', '01/04/2016', '-', '-', 'PENGAWAS KEAMANAN DAN KETERTIBAN PELABUHAN', '6', 'SEKSI PENJAGAAN', '', 'PPP'),
('196604021993091001', 'YUDHA CHAIRUL', 'BANDANERA', '04/02/1966', 'islam', 'SLTA', '-', 'PENGATUR TK.I - II/D', '01/10/2005', '-', '-', 'PENGADMINISTRASI UMUM', '5', 'SEKSI PENUNJANG KESELAMATAN DAN PENYIDIKAN', '', 'PPP'),
('196604151992031001', 'SUGINO', 'JAKARTA', '15/04/1966', 'islam', 'SLTA', '-', 'PENGATUR TK I - II/C', '01/04/2016', '-', '-', 'MASINIS II KAPAL KELAS III KNP 356', '8', 'SEKSI PATROLI', '', 'PPP'),
('196604211991031001', 'JUBAIDI', 'JAKARTA', '21/04/1966', 'islam', 'SLTA', '-', 'PENATA MUDA TK I - III/B', '01/04/2010', '-', '-', 'PETUGAS PENANGGULANGAN PENCEMARAN', '5', 'SEKSI PATROLI', '', 'PPP'),
('196606031991031002', 'HERMAN SUKRI', 'JAKARTA', '03/06/1966', 'islam', 'SLTA', 'KEPELABUHAN', 'PENATA MUDA TK I - III/B', '01/04/2116', '-', '-', 'KORDINATOR', '7', 'SEKSI PENJAGAAN', '', 'PPP'),
('196606261991111001', 'DARYANTO', 'JAKARTA', '29/06/1966', 'islam', 'SLTA', '-', 'PENATA MUDA TK I - III/B', '01/04/2012', '-', '-', 'PENGELOLA DATA DAN LAPORAN', '6', 'SEKSI PATROLI', '', 'PPP'),
('196608031992031002', 'EMBON', 'JAKARTA', '03/08/1966', 'islam', 'SLTP', '-', 'PENGATUR TK.I - II/D', '01/04/2015', '-', '-', 'MUALIM I KAPAL KELAS IV KNP 488', '8', 'SEKSI PATROLI', '', 'PPP'),
('196608071991031002', 'RUDI HENDARTO, ST', 'JAKARTA', '07/10/1966', 'islam', 'S1', 'KESYAHBANDARAN A, MARINE INSPECTOR A', 'PENATA - III/C', '01/10/2015', 'PERKAPALAN', '-', 'PENILIK PERALATAN PENCEGAH PENCEMARAN', '7', 'SEKSI PENCEGAHAN PENCEMARAN DAN MANAJEMEN ', '', 'SHK'),
('196608191992031001', 'AGUS SUPARNO', 'SURABAYA', '19/08/1966', 'islam', 'S1', 'KESYAHBANDARAN A', 'PENATA - III/C', '01/04/2014', 'ANT III', '-', 'PENGELOLA DOKUMEN KAPAL', '6', 'SEKSI TERTIB BERLAYAR', '', 'KKB'),
('196610051993031001', 'DIKI NEVIANA', '-', '10/12/2017', '-', '-', '-', 'PENGATUR TK.I - II/D', '10/12/2017', '-', '-', 'PENGELOLA ADMINISTRASI PERKANTORAN', '7', 'SUB BAGIAN KEPEGAWAIAN, UMUM DAN HUMAS', '', 'TU'),
('196610301991031001', 'EKO SULARSO', 'JAKARTA', '30/10/1966', 'islam', 'SLTA', '-', 'PENATA MUDA TK I - III/A', '01/04/2015', '-', '-', 'NAHKODA KAPAL KELAS IV KNP 461', '10', 'SEKSI PATROLI', '', 'PPP'),
('196610311993101002', 'ZAENAL ARIFIN', 'JAKARTA', '01/10/2016', 'islam', 'SLTA', '-', 'PENATA MUDA TK I - III/B', '01/04/2016', '-', '-', 'KORDINATOR', '7', 'SEKSI PENJAGAAN', '', 'PPP'),
('196611121991031003', 'ENCEN NESTALUS', 'BOGOR', '12/11/1966', 'islam', 'SLTA', '-', 'PENATA MUDA TK I - III/B', '01/04/2017', '-', '-', 'PENGELOLA DATA DAN LAPORAN', '6', 'SEKSI SERTIFIKASI KESELAMATAN KAPAL', '', 'SHK'),
('196612011988032001', 'SUSI RUSMANA DEWI, SE', 'JAKARTA', '01/12/1966', 'islam', 'S1', '-', 'PENATA TK. I - III/D', '01/04/2016', '-', '-', 'PENYUSUN EXIBITUM BUKU JURNAL KAPAL DAN MEMORANDUM KAPAL', '7', 'SEKSI SERTIFIKASI KESELAMATAN KAPAL', '', 'SHK'),
('196612101993031001', 'GENDUT SUNARYANTO', 'JAKARTA', '10/12/1966', 'islam', 'D.III', '-', 'PENATA MUDA TK I - III/B', '01/10/2011', '-', '-', 'PENGADMINISTRASI UMUM', '7', 'SEKSI PENJAGAAN', '', 'PPP'),
('196613241987031002', 'RUSNAN', 'JAKARTA', '24/03/1966', 'islam', 'SLTA', 'ADM. KEPEGAWAIAN 90,MPT 92,MPI 96.', 'PENATA MUDA TK I - III/B', '01/04/2007', '-', '-', 'NAHKODA KAPAL KELAS III KNP. 356', '12', 'SEKSI PATROLI', '', 'PPP'),
('196702041993031002', 'MASLAKAH, S.AP', 'JAKARTA', '04/02/1967', 'islam', 'S1', 'TTPL, KEPELABUHANAN', 'PENATA - III/C', '01/10/2016', '-', '-', 'TTPL, KEPELABUHANAN', '6', 'SEKSI SERTIFIKASI KESELAMATAN KAPAL', '', 'SHK'),
('196702121990091001', 'R. SYAHRIDI', 'JAKARTA', '12/02/1967', 'islam', 'SLTA', '-', 'PENATA MUDA TK I - III/B', '01/04/2016', '-', '-', 'PENGAWAS KEAMANAN DAN KETERTIBAN PELABUHAN', '6', 'SEKSI PENJAGAAN', '', 'PPP'),
('196703051988032001', 'KUSMIATUN', 'JAKARTA', '05/03/1967', 'islam', 'SLTA', '-', 'PENATA MUDA TK I - III/B', '01/04/2008', '-', '-', 'KORDINATOR', '7', 'SEKSI PATROLI', '', 'PPP'),
('19670308199103100', 'SUTOYO', 'KARANG NANGKA', '08/03/1967', 'islam', 'SLTA', 'KESYAHBANDARAN B, MARINE INSPECTOR B, PSCO', 'PENATA - III/C', '01/04/2014', 'ATT II', '-', 'PENGAWAS KAPAL ASING', '6', 'SEKSI TERTIB BERLAYAR', '', 'KKB'),
('196704021993031003', 'ADNAN', 'LAMPUNG', '02/04/1967', 'islam', 'S1', '-', 'PENATA - III/C', '01/04/2017', '-', '-', 'PENGELOLA DOKUMEN KAPAL', '7', 'SEKSI TERTIB BERLAYAR', '', 'KKB'),
('196704231992031001', 'PRIMAHARTO', 'SELAYO', '23/04/1967', 'islam', 'S1', 'BENDAHARAWAN PENERIMA 01', 'PENATA - III/C', '01/04/2017', '-', '-', 'PENGELOLA DOKUMEN KAPAL', '7', 'SEKSI TERTIB BERLAYAR', '', 'KKB'),
('196705011989032001', 'MAEMUNAH', 'JAKARTA', '01/05/1967', 'islam', 'SLTA', '-', 'PENATA MUDA TK I - III/B', '01/04/2009', '-', '-', 'KORDINATOR', '7', 'SEKSI PATROLI', '', 'PPP'),
('196705151991031006', 'VICTORVALIAN THENU', 'JAKARTA', '15/05/1967', 'kristen', 'SLTA', '-', 'PENGATUR TK.I - II/D', '01/10/2013', '-', '-', 'PETUGAS PENJAGAAN', '5', 'SEKSI PENJAGAAN', '', 'PPP'),
('196707241990091001', 'YOBI ABRAHAM VIOLA', 'KOJA', '24/07/1967', 'islam', 'SLTA', 'PEMUTAKHIRAN ANT V&COP PELAUT KPL NGR KENAVIGASIAN, ', 'PENATA MUDA TK I - III/B', '01/04/2011', '-', '-', 'NAHKODA KAPAL KELAS IV KNP 488', '10', 'SEKSI PATROLI', '', 'PPP'),
('196709021992031001', 'MATASAN', 'JAKARTA', '02/10/1967', 'islam', 'SLTA', '-', 'PENATA MUDA - III/A', '01/04/2015', '-', '-', 'KORDINATOR', '7', 'SEKSI PENJAGAAN', '', 'PPP'),
('196709121994011001', 'HOT MARULITUA SILITONGA', 'JAKARTA', '12/09/1967', 'kristen', 'S1', '-', 'PENATA - III/C', '01/10/2016', '-', '-', 'KORDINATOR', '7', 'SEKSI PENJAGAAN', '', 'PPP'),
('196709181992031001', 'MULJONO', 'JAKARTA', '18/09/1967', 'islam', 'SLTA', '-', 'PENATA MUDA - III/A', '01/10/2016', '-', '-', 'KKM KAPAL KELAS IV KNP 410', '9', 'SEKSI PATROLI', '', 'PPP'),
('196710201992031002', 'IKSAN', 'JAKARTA', '20/10/1967', 'islam', 'SLTA', '-', 'PENATA MUDA TK I - III/B', '01/04/2016', '-', '-', 'KKM KAPAL KELAS IV KNP 461', '9', 'SEKSI PATROLI', '', 'PPP'),
('196711281992031001', 'ALHAMKA', 'SURABAYA', '28/11/1967', 'islam', 'SLTA', '-', 'PENATA MUDA - III/A', '01/04/2015', '-', '-', 'PENGOLAH DATA AWAK KAPAL', '-', 'SEKSI KEPELAUTAN', '', 'KKB'),
('196712071990031001', 'UTAN SUHARTA', 'JAKARTA', '07/12/1967', 'islam', 'SLTA', '-', 'PENATA MUDA TK I - III/B', '01/01/2016', '-', '-', 'PENGAWAS TERTIB BANDAR DAN TERTIB BERLAYAR', '6', 'SEKSI TERTIB BANDAR', '', 'KKB'),
('196712151991031002', 'ARBEST SIMAMORA S.PEL', 'JAKARTA', '15/12/1967', 'kristen', 'S1', '-', 'PENATA MUDA TK I - III/B', '01/04/2016', '-', '-', 'DINAS POLISI', '6', 'SEKSI PENUNJANG KESELAMATAN DAN PENYIDIKAN', '', 'PPP'),
('196801171989031001', 'HERU SUCIPTO', 'JAKARTA', '17/01/1968', 'islam', 'SLTA', '-', 'PENATA MUDA TK I - III/B', '01/04/2009', '-', '-', 'KORDINATOR', '7', 'SEKSI PENJAGAAN', '', 'PPP'),
('196801261994031001', 'SANTUS SIANIPAR', 'BALI', '26/01/1968', 'kristen', 'SLTP', '-', 'PENGATUR - II/C', '01/04/2013', '-', '-', 'PENGAWAS KEAMANAN DAN KETERTIBAN PELABUHAN', '6', 'SEKSI PENJAGAAN', '', 'PPP'),
('196801281991031001', 'YUSRO', 'JAKARTA', '21/01/1968', 'islam', 'SLTA', '-', 'PENATA MUDA TK I - III/B', '01/04/2010', '-', '-', 'DINAS POLISI', '6', 'SEKSI PENUNJANG KESELAMATAN DAN PENYIDIKAN', '', 'PPP'),
('196802111990091001', 'IBNU HAJAR', 'JAKARTA', '11/02/1968', 'islam', 'S1', 'MARINE INSPECTOR A', 'PENATA MUDA - III/A', '01/10/2013', 'ANT III', '-', 'PENGELOLA DATA DAN LAPORAN', '6', 'SEKSI PENJAGAAN', '', 'PPP'),
('196802291991031003', 'ISMED DARUSSALAM', 'JAKARTA', '29/02/1968', 'islam', 'SLTA', '-', 'PENATA MUDA TK I - III/B', '01/04/2016', '-', '-', 'DINAS POLISI', '6', 'SEKSI PENUNJANG KESELAMATAN DAN PENYIDIKAN', '', 'PPP'),
('196803071992031001', 'SUKUR', 'JAKARTA', '07/03/1968', 'islam', 'SLTA', '-', 'PENATA MUDA - III/A', '01/04/2015', '-', '-', 'PENGAWAS KEAMANAN DAN KETERTIBAN PELABUHAN', '6', 'SEKSI PENJAGAAN', '', 'PPP'),
('196804041997031001', 'SUKIRMAN', 'JAKARTA', '04/04/1968', 'islam', 'S1', '-', 'PENATA MUDA TK I - III/B', '01/04/2017', '-', '-', 'PENGOLAH DATA AWAK KAPAL', '7', 'SEKSI KEPELAUTAN', '', 'KKB'),
('196804281990111001', 'LUKY GABRIEL TAMPI, ST., MM.', 'JAKARTA', '02/04/1968', 'kristen', 'S1', 'BASIC RESCUE TEAM 1990, SPESIAL RESCUE 1990, BASIC FIRE FIGHTING 1999, ADVANCE FIRE FIGHTING 1999,  MASTER FIRE FIGHTING 2000,  INSTRUCTION FIRE FIGHTING 2001, BASIC SAFETY TRAINING 2006, MARINE INSPECTOR A,', 'PENATA - III/C', '01/04/2015', 'ANT V', '-', 'PERUMS PERJANJIAN HUKUM', '7', 'SEKSI KEPELAUTAN', '', 'KKB'),
('196805181992031003', 'RIFAT', 'JAKARTA', '18/05/1968', 'islam', 'SLTA', '-', 'PENATA MUDA TK I - III/B', '01/04/2012', '-', '-', 'PENYUSUN EXIBITUM BUKU JURNAL KAPAL DAN MEMORANDUM KAPAL', '7', 'SEKSI SERTIFIKASI KESELAMATAN KAPAL', '', 'SHK'),
('196805261998031001', 'TEDDY MAYANDI, CAPT., M.SI.', '-', '10/12/2017', '-', '-', '-', 'PEMBINA - 1V/A', '10/12/2017', '-', '-', 'PETUGAS KEHUMASAN', '5', 'SUB BAGIAN KEPEGAWAIAN, UMUM DAN HUMAS', '', 'TU'),
('196806191992031003', 'DARWIN', 'JAKARTA', '19/06/1968', 'islam', 'SLTA', '-', 'PENATA MUDA TK I - III/B', '01/04/2011', '-', '-', 'MUALIM 1 KAPAL KELAS IV KNP 410', '8', 'SEKSI PATROLI', '', 'PPP'),
('196807231988031004', 'NASWAL', 'JAKARTA', '23/07/1968', 'islam', 'SLTA', 'MARINE RADIO', 'PENATA TK. I - III/D', '01/04/2017', '-', '-', 'MARINE INSPECTOR RADIO', '7', 'SEKSI SERTIFIKASI KESELAMATAN KAPAL', '', 'SHK'),
('196807251991031001', 'SUPARDI', 'JAKARTA', '25/07/1968', 'islam', 'SLTA', '-', 'PENATA MUDA - III/A', '01/10/2013', '-', '-', 'MASINIS I KAPAL KELAS IV KNP 488', '8', 'SEKSI PATROLI', '', 'PPP'),
('196808031992031008', 'NASKAN', 'JAKARTA', '03/08/1968', 'islam', 'SLTA', '-', 'PENATA MUDA - III/A', '03/04/2015', '-', '-', 'PENGAWAS KEAMANAN DAN KETERTIBAN PELABUHAN', '6', 'SEKSI PENJAGAAN', '', 'PPP'),
('196808121990121001', 'II RIVAI', 'JAKARTA', '12/08/1968', 'islam', 'SLTA', '-', 'PENGATUR TK.I - II/D', '01/10/2013', '-', '-', 'MASINIS I KAPAL KELAS IV KNP 488', '8', 'SEKSI PATROLI', '', 'PPP'),
('196809071993031001', 'WATINO', 'JAKARTA', '07/09/1968', 'islam', 'SLTA', '-', 'PENGATUR TK.I - II/D', '01/10/2013', '-', '-', 'OILER KAPAL KELAS IV KNP.424', '6', 'SEKSI PATROLI', '', 'PPP'),
('196809141997031001', 'SURYANA', 'JAKARTA', '04/09/1868', 'islam', 'S1', '-', 'PENATA MUDA TK I - III/B', '01/04/2016', '-', '-', 'PENGELOLA DATA DAN LAPORAN', '6', 'SEKSI PATROLI', '', 'PPP'),
('196809162002121001', 'CAPT. YOSUA P.S.I. ANTHONI, MM', 'JAKARTA', '16/09/1968', 'kristen', 'S2', 'KESYAHBANDARAN A, MARINE INSPEKTOR A, PSCO, ISM CODE, ISPS CODE.', 'PENATA - III/C', '01/04/2014', 'ANT I', 'PIM IV', 'PEMERIKSA KAPAL ASING', '5', 'SEKSI TERTIB BERLAYAR', '', 'KKB'),
('196811051992031003', 'INDRA WIDIANTO', 'JAKARTA', '05/11/1968', 'islam', 'SLTP', '-', 'PENGATUR MUDA TK.I - II/B', '01/10/2008', '-', '-', 'PENGAWAS KEAMANAN DAN KETERTIBAN PELABUHAN', '6', 'SEKSI PENJAGAAN', '', 'PPP'),
('196812031996031001', 'HERY SETIAWAN', 'JAKARTA', '03/12/1968', 'islam', 'D.III', 'PORT STATE CONTROL & SHIP  INSPECTION CORSE 1997,  MARINE FIRE FIGHTING  MARINE POLUTION PREV. CORSE, KESYAHBANDARAN A, MARINE INSPECTOR B.', 'PENATA - III/C', '01/10/2014', 'ANT III', '-', 'PENGAWAS KAPAL ASING', '6', 'SEKSI TERTIB BERLAYAR', '', 'KKB'),
('196812041989031002', 'MUNARDI, AMD', 'JAKARTA', '04/12/1968', 'islam', 'D.III', 'BENDAHARAWAN A 1999', 'PENATA - III/C', '01/10/2016', '-', '-', 'PENGAWAS KEAMANAN DAN KETERTIBAN PELABUHAN', '6', 'SEKSI PENJAGAAN', '', 'PPP'),
('196812131993041001', 'JAKA HARYAMTA', 'JAKARTA', '13/12/1968', 'islam', 'SLTA', 'INTRUCTUR RATING SCHOOL 1999', 'PENATA MUDA TK I - III/B', '01/04/2013', '-', '-', 'DINAS POLISI', '6', 'SEKSI PENUNJANG KESELAMATAN DAN PENYIDIKAN', '', 'PPP'),
('196812132005021001', 'ABDUL HADI', 'JAKARTA', '13/12/1968', 'islam', 'SLTA', '-', 'PENGATUR - II/C', '01/04/2014', '-', '-', 'PENGAWAS KEAMANAN DAN KETERTIBAN PELABUHAN', '6', 'SEKSI PENJAGAAN', '', 'PPP'),
('196812311993031004', 'HIDAYAT ADI SUTRISNO, A.MD', '-', '10/12/2017', 'islam', 'D.III', '-', 'PENATA - III/C', '10/12/2017', '-', '-', 'PENGELOLA URUSAN KERUMAHTANGGAAN', '7', 'SUB BAGIAN KEPEGAWAIAN, UMUM DAN HUMAS', '', 'TU'),
('196901011989031002', 'MOH. SAHRI, S.SOS. MM', '-', '10/12/2017', '-', '-', '-', 'PENATA - III/C', '10/12/2017', '-', '-', 'PETUGAS PNPB', '7', 'SUB BAGIAN PERENCANAAN DAN KEUANGAN', '', 'TU'),
('196901011992031008', 'HARI UTOMO SETYO', 'JAKARTA', '01/01/1969', 'islam', 'SLTA', '-', 'PENATA MUDA TK I - III/A', '01/10/2013', '-', '-', 'KORDINATOR', '7', 'SEKSI PENJAGAAN', '', 'PPP'),
('196901141993031002', 'SURYADI', 'JAKARTA', '14/01/1969', 'islam', 'SLTA', '-', 'PENATA MUDA - III/A', '01/10/2016', '-', '-', 'PENGAWAS KEAMANAN DAN KETERTIBAN PELABUHAN', '6', 'SEKSI PENJAGAAN', '', 'PPP'),
('196902072003121001', 'FERRY AKBAR. CAPT., MM.', 'JAKARTA', '07/02/1969', 'islam', 'S2', 'ADVANCED FIRE FIGHTING, BASIC SAFETY TRAINING, BIMTEK APARATUR OTORITAS PELABUHAN, DIKLAT PANDU TK. I, DIKLAT PRAJABATAN GOL III, EXPORT IMPORT, KESYHBANDARAN KLAS A, LIFE BOAT MAN COURSE STCW 1978, MARINE INSPECTOR TYPE A, MEDICAL AID COURSE STCW 1978, MLC, MODERN ENGLISH COURSE, RADAR OBSERVER COURSE STCW 1978, REGIONAL FORUM ON DOMESTIC FERRY SEFETY, REGIONAL TRAINING COURSE FOR AUDITOR-VOLUNTARY IMO MEMBER, SEA TRANSPORTATION HUMAN RESOURCES DEELOPMENT CENTER, SECOND REGIONAL MEETING ON THE OPERATIONAL SAFETY OF DIMESTIC FERRIES', 'PEMBINA - IV/A', '01/10/2015', 'ANT I', 'PIM III', 'PENGAWAS KAPAL ASING', '6', 'SEKSI TERTIB BERLAYAR', '', 'KKB'),
('196903051993031001', 'TOHARUNA', 'JAKARTA', '05/03/1969', 'islam', 'SLTA', '-', 'PENATA MUDA - III/A', '01/04/2015', '-', '-', 'DINAS POLISI', '6', 'SEKSI PENUNJANG KESELAMATAN DAN PENYIDIKAN', '', 'PPP'),
('196904061991031003', 'YUNALDI', 'JAKARTA', '06/04/1969', 'islam', 'SLTA', 'SEART & RESCUE.', 'PENATA MUDA TK I - III/B', '01/04/2010', '-', '-', 'KORDINATOR', '7', 'SEKSI PENJAGAAN', '', 'PPP'),
('196904101990031004', 'PURNOMO, ST.', 'JAKARTA', '10/04/1969', 'islam', 'S1', 'BAHASA INGGRIS, HYDROGRAPHY SURVEY, JRC PHASE III/A, PENGUKURAN KAPAL METODE DALAM NEGERI, SIDE SCAN SONAR', 'PENATA TK. I - III/D', '01/04/2014', '-', '-', 'AHLI UKUR ', '7', 'SEKSI STATUS HUKUM KAPAL', '', 'SHK'),
('196907261998111001', 'PURGANA, CAPT, MM', 'SUBANG', '26/07/1969', 'islam', 'S1', 'KESYAHBANDARAN A, MARINE INSPEKTOR A, PSCO, ISM CODE, ISPS CODE.', 'PEMBINA - IV/A', '01/12/2013', 'ANT I', 'PIM III', 'PENGAWAS KAPAL ASING', '6', 'SEKSI TERTIB BERLAYAR', '', 'KKB'),
('196908092002121001', 'SAMSUH AGUSTIAR ILYAS', 'JAKARTA', '09/08/1969', 'Islam', 'S1', 'AFF, BADAN NARKOTIK NASIONAL, BASIC SAFETY TRAINING, KESYAHBANDARAN KLAS A, MARINE INSPECTOR TYPE A , MC, PELATIHAN PORT STATE CONTROL, PENINGKATAN KETERAMPILAN OPERASIONAL GAMAT KN, SCRB.', 'PENATA TK. I - III/D', '01/04/2015', 'ANT II', '-', 'KEPALA SEKSI STATUS HUKUM KAPAL, 21-07-2017', '9', 'BIDANG STATUS HUKUM DAN SERTIFIKASI KAPAL', '', 'SHK'),
('196908121992031002', 'BAKRI', 'MALANG', '12/08/1969', 'islam', 'SLTA', '-', 'PENGATUR TK.I - II/D', '01/04/2014', '-', '-', 'PENGOLAH DATA AWAK KAPAL', '7', 'SEKSI KEPELAUTAN', '', 'KKB'),
('196908191991031001', 'MUGI PRAYITNO', 'JAKARTA', '19/08/1969', 'islam', 'SLTA', '-', 'PENATA MUDA TK I - III/B', '01/04/2011', '-', '-', 'KORDINATOR', '7', 'SEKSI PENJAGAAN', '', 'PPP'),
('196909051993031001', 'DJAENUDIN', 'JAKARTA', '05/09/1969', 'islam', 'SLTA', '-', 'PENGATUR TK.I - II/D', '01/10/2013', '-', '-', 'KORDINATOR', '7', 'SEKSI PENJAGAAN', '', 'PPP'),
('196909071990031001', 'ABDUL PUJA TRISNA', 'JAKARTA', '07/09/1969', 'islam', 'SLTA', 'HYDROGRAPHIC TRINING  PROJECT 1992', 'PENATA MUDA TK I - III/B', '01/04/2010', '-', '-', 'PENGELOLA DATA DAN LAPORAN', '6', 'SEKSI PATROLI', '', 'PPP'),
('196909291993031002', 'KUSDIJANTA', 'JAKARTA', '29/09/1969', 'islam', 'SLTA', '-', 'PENGATUR TK.I - II/D', '01/04/2015', '-', '-', 'PENGELOLA DATA DAN LAPORAN', '6', 'SEKSI PENJAGAAN', '', 'PPP'),
('196910051992031001', 'TRIMO', 'JAKARTA', '05/10/1969', 'islam', 'SLTA', '-', 'PENGATUR TK.I - II/D', '01/10/2013', '-', '-', 'PENGAWAS KEAMANAN DAN KETERTIBAN PELABUHAN', '6', 'SEKSI PENJAGAAN', '', 'PPP'),
('196910141993031002', 'MASKORI', 'JAKARTA', '14/10/1969', 'islam', 'SLTA', '-', 'PENATA MUDA - III/A', '01/04/2015', '-', '-', 'PENGELOLA DATA DAN LAPORAN', '6', 'SEKSI PATROLI', '', 'PPP'),
('196911031991031002', 'JAKARTA', 'SOLIKIN', '03/11/1969', 'islam', 'SLTA', '-', 'PENGATUR TK.I - II/D', '01/10/2013', '-', '-', 'PENYIAPAN BANTUAN MUSIBAH DAN TENAGA SAR', '7', 'SEKSI PATROLI', '', 'PPP'),
('196911201991031006', 'REDJO SUARDI', 'JAKARTA', '20/11/1969', 'islam', 'SLTA', '-', 'PENGATUR TK.I - II/D', '01/10/2013', '-', '-', 'PENYIAPAN BANTUAN MUSIBAH DAN TENAGA SAR', '7', 'SEKSI PATROLI', '', 'PPP'),
('196911291990051001', 'FOURMANSYAH, SH., MM.', 'JAKARTA', '29/11/1969', 'islam', 'S2', 'PENGAWASAN BARANG BERBAHAYA, PENYULUHAN KESYAHBANDARAN, PPNS, RESCUE', 'PENATA TK I / IIID', '01/10/2013', '-', 'PIM IV', 'KEPALA SEKSI PENJAGAAN, 02-05-2016', '9', 'BIDANG PENJAGAAN, PATROLI DAN PENYIDIKAN', '', 'PPP'),
('196912311990032002', 'MARIAMA ', 'BIMA', '31/12/1969', 'islam', 'SLTA', '-', 'PENATA MUDA TK I - III/B', '01/04/2010', '-', '-', 'PENGELOLA DATA DAN LAPORAN', '6', 'SEKSI TERTIB BANDAR', '', 'KKB'),
('197001111991031001', 'QOMARUDIN', 'JAKARTA', '11/12/1970', 'islam', 'SLTA', '-', 'PENGATUR TK.I - II/D', '01/10/2013', '-', '-', 'PENYIAPAN BANTUAN MUSIBAH DAN TENAGA SAR', '7', 'SEKSI PATROLI', '', 'PPP'),
('197002152008121001', 'BRURY TEGUH ARI PAMBUDI', 'JAKARTA', '15/02/1970', 'islam', 'D.III', 'KESYAHBANDARAN A 11, MARINE INSPECTOR A', 'PENATA MUDA TK I - III/B', '01/04/2015', 'ANT II', '-', 'PENGELOLA DOKUMEN KAPAL', '7', 'SEKSI TERTIB BERLAYAR', '', 'KKB'),
('197003061992031002', 'WAHYU SUJATMIKO', 'JAKARTA', '06/03/1970', 'islam', 'SLTA', '-', 'PENATA MUDA TK I - III/B', '01/04/2014', '-', '-', 'PENGELOLA DATA DAN LAPORAN', '6', 'SEKSI PENUNJANG KESELAMATAN DAN PENYIDIKAN', '', 'PPP'),
('197005121993031001', 'RADEN ABDUL MUTOLIP', 'JAMBI', '12/05/1970', 'islam', 'SLTA', '-', 'PENATA MUDA TK I - III/B', '01/04/2016', '-', '-', 'KORDINATOR', '7', 'SEKSI PENJAGAAN', '', 'PPP'),
('197005161992031001', 'MOCH. BAJIDEH', 'BANDUNG', '16/05/1970', 'islam', 'SLTA', '-', 'PENATA MUDA - III/A', '01/04/2015', '-', '-', 'DINAS POLISI', '6', 'SEKSI PENUNJANG KESELAMATAN DAN PENYIDIKAN', '', 'PPP'),
('197006091992031001', 'BUDIYONO, S.SOS.', 'WONOGIRI', '09/06/1970', 'islam', 'S2', 'DIKLAT TEKNIS KEPEGAWAIAN 1998, BENDAHARAWAN A 2000, ARSIPARIS 2001, BST, ANT D, TATA LAKSANA, TEKNIS OP, TOT-IT, ISPS CODE, PPNS', 'PEMBINA - IV/A', '01/10/2016', '-', '-', 'PERUMUS PERJANJIAN HUKUM', '7', 'SEKSI KEPELAUTAN', '', 'KKB'),
('197006141991121001', 'MAHMUD', 'BANDUNG', '14/06/1970', 'islam', 'SLTA', '-', 'PENATA MUDA TK I - III/B', '01/10/2011', '-', '-', 'KORDINATOR', '7', 'SEKSI PATROLI', '', 'PPP'),
('197006211992031001', 'IKSANUDIN', 'JAKARTA', '21/06/1970', 'islam', 'SLTA', 'KESYAHBANDARAN A', 'PENATA MUDA TK I - III/B', '01/04/2011', '-', '-', 'PENGELOLA DOKUMEN KAPAL', '7', 'SEKSI TERTIB BERLAYAR', '', 'KKB'),
('197006212003121001', 'CAPT SUHARDI, M.SI.M.MAR', 'WONOGIRI', '21/06/1970', 'islam', 'S2', 'IMDG CODE AMSA, ISPS CODE, KESYAHBANDARAN KLAS B, MARINE INSPECTOR TYPE A, PORT MANAJEMEN AND FACILITY.', 'PENATA TK I - III/D', '01/10/2017', 'ANT I', 'PIM IV', 'KEPALA SEKSI PENCEGAHAN PENCEMARAN DAN MANAJEMEN KESELAMATAN KAPAL, 04-11-2015', '9', 'BIDANG STATUS HUKUM DAN SERTIFIKASI KAPAL', '', 'SHK'),
('197006231997031001', 'SAHLAN BAIDILAH', 'BANDUNG', '23/06/1970', 'islam', 'SLTA', '-', 'PENGATUR TK.I - II/D', '01/04/2015', '-', '-', 'PENYIAPAN BANTUAN MUSIBAH DAN TENAGA SAR', '7', 'SEKSI PATROLI', '', 'PPP'),
('197007121993031002', 'GORDON SILAEN', 'BANDUNG', '12/07/1970', 'kristen', 'SLTA', '-', 'PENGATUR TK.I - II/D', '01/10/2015', '-', '-', 'KELASI KAPAL KELAS IV KNP 488', '6', 'SEKSI PATROLI', '', 'PPP'),
('197007251993031001', 'YANA SURYANA', 'BANDUNG', '25/07/1970', 'islam', 'SLTA', '-', 'PENGATUR TK.I - II/D', '01/10/2013', '-', '-', 'DINAS POLISI', '6', 'SEKSI PENUNJANG KESELAMATAN DAN PENYIDIKAN', '', 'PPP'),
('197008101991032001', 'MULYATI', 'JAKARTA', '10/08/1970', 'islam', 'D.III', '-', 'PENATA - III/C', '01/10/2016', '-', '-', 'PERUMUS PERJANJIAN HUKUM', '7', 'SEKSI KEPELAUTAN', '', 'KKB'),
('197008122005021001', 'EDWARD NAINGGOLAN, S.AP.', 'BANDUNG', '12/08/1970', 'islam', 'S1', 'PPNS', 'PENATA MUDA TK I - III/B', '01/10/2014', '-', '-', 'PENGELOLA DATA DAN LAPORAN', '6', 'SEKSI PATROLI', '', 'PPP'),
('197009051993031002', 'LAURENTINUS PADMA WIJAYA, SH', '-', '10/12/2017', '-', '-', '-', 'PENATA TK.I - III/D', '10/12/2017', '-', '-', 'KEPALA SUB BAGIAN PERENCANAAN DAN KEUANGAN, 25-07-2016', '9', 'BAGIAN TATA USAHA', '', 'TU'),
('197010151992031001', 'SUDIYONO', 'BANDUNG', '15/10/1970', 'islam', 'SLTA', 'KEPELABUHAN 11', 'PENATA MUDA - III/A', '01/10/2013', '-', '-', 'SERANG KAPAL KELAS III KNP 356', '7', 'SEKSI PATROLI', '', 'PPP'),
('197010171996031002', 'DANIEL MANGASI P.,S.SOS', 'PD.SIDEMPUAN', '17/10/1970', 'Kristen', 'S1', 'KOMPUTER 1995, BENDAHARAWAN A 1998, DATA BASE KEPEGAWAIAN 2002, PENGUKURAN KAPAL 2005, PENDAFTARAN KAPAL', 'PEMBINA - IV/A', '01/04/2017', '-', '-', 'PEMROSES DATA STATUS HUKUM KAPAL', '7', 'SEKSI STATUS HUKUM KAPAL', '', 'SHK'),
('197010181993031003', 'HERY WINARNO', 'BANDUNG', '18/10/1970', 'islam', 'SLTA', '-', 'PENATA MUDA TK I - III/B', '01/02/2014', '-', '-', 'PENGAWAS KEAMANAN DAN KETERTIBAN PELABUHAN', '6', 'SEKSI PENJAGAAN', '', 'PPP'),
('197012111993031001', 'EKO SUPRIYANTO, ST', 'WONOGIRI', '11/12/1970', 'islam', 'S1', 'KOMPUTER', 'PENATA - III/C', '01/04/2016', '-', '-', 'PENYUSUN EXIBITUM BUKU JURNAL KAPAL DAN MEMORANDUM KAPAL', '7', 'SEKSI SERTIFIKASI KESELAMATAN KAPAL', '', 'SHK'),
('197012311993031006', 'SYARIFUDDIN', 'BALI', '03/05/1970', 'islam', 'SLTA', '-', 'PENATA MUDA - III/A', '01/04/2013', '-', '-', 'NAHKODA KAPAL KELAS IV KNP 424', '10', 'SEKSI PATROLI', '', 'PPP'),
('197101131991031001', 'MOCHAMMAD SISWANTORO', 'BANDUNG', '13/01/1971', 'islam', 'SLTA', '-', 'PENATA MUDA TK I - III/B', '01/04/2011', '-', '-', 'PENGOLAH DATA DAN LAPORAN', '6', 'SEKSI PENUNJANG KESELAMATAN DAN PENYIDIKAN', '', 'PPP'),
('197102041992031002', 'LILI HARBRUARI PRASETYO', 'BANDUNG', '04/02/1971', 'islam', 'S1', '-', 'PENATA MUDA TK I - III/B', '01/10/2012', '-', '-', 'PENGAWAS SALVAGE DAN PEKERJAAN BAWAH AIR', '7', 'SEKSI PENUNJANG KESELAMATAN DAN PENYIDIKAN', '', 'PPP'),
('197104131991031002', 'RUSWANTORO', 'PANUSUPAN', '13/04/1971', 'islam', 'S1', 'KEHUMASAN', 'PENATA MUDA - III/A', '01/04/2016', '-', '-', 'PENGOLAH DATA AWAK KAPAL', '7', 'SEKSI KEPELAUTAN', '', 'KKB'),
('197104291993032001', 'TURSIANA', 'JAKARTA', '29/09/1971', 'islam', 'S1', 'BENDAHARAWAN A 2000, AKUNTANSI DASAR I 1990. BARANG DAN JASA 2011', 'PENATA - III/C', '01/04/2017', '-', '-', 'PENGOLAH DATA AWAK KAPAL', '7', 'SEKSI KEPELAUTAN', '', 'KKB'),
('197105011992031003', 'AHMAD RAFIK', 'BANDUNG', '01/05/1971', 'islam', 'SLTA', '-', 'PENATA MUDA TK I - III/B', '01/04/2012', '-', '-', 'KORDINATOR', '7', 'SEKSI PENJAGAAN', '', 'PPP'),
('197105151997031002', 'ABDI SABDA, ST., MH.', '-', '10/12/2017', '-', '-', '-', 'PEMBINA - IV/A', '10/12/2017', '-', '-', 'PETUGAS KEHUMASAN', '5', 'BAGIAN TATA USAHA', '', 'TU'),
('197105201991031001', 'NURIZAL', 'JAKARTA', '20/05/1971', 'islam', 'SLTA', '-', 'PENATA MUDA TK I - III/B', '01/04/2015', '-', '-', 'PENGELOLA DATA AWAK KAPAL', '7', 'SEKSI KEPELAUTAN', '', 'KKB'),
('19710606199303100', 'A.SOMAD,SH', 'MEDAN', '06/06/1963', 'islam', 'S2', 'PENYELAM CLASS III 1998', 'PENATA MUDA TK I - III/B', '01/04/2016', '-', '-', 'PPNS', '6', 'SEKSI PATROLI', '', 'PPP'),
('197106271990031001', 'MUHAMMAD AHMAMI', 'JAKARTA', '21/06/1971', 'islam', 'S1', 'APLIKASI KEUANGAN PNBP ONLINE , BIMBINGAN TEKNIS ANTI FOALING SYSTEM, PELATIHAN SQL SERVER, PENDAFTARAN DAN KEBANGSAAN KAPAL, PENGUKURAN KAPAL METODE DALAM NEGERI, REFORMASI ADM. PERPAJAKAN, SEMINAR MEREALISASIKAN PERUBAHAN BANGSA, WORKSHOP IMO', 'PENATA - III/C', '01/10/2016', '-', '-', 'PENYUSUN HIPOTIK KAPAL', '7', 'SEKSI STATUS HUKUM KAPAL', '', 'SHK'),
('197107031992031004', 'KARYANTO ADI KUNTORO', '-', '10/12/2017', '-', '-', '-', 'PENATA MUDA TK I - III/A', '10/12/2017', '-', '-', 'PENYUSUN BMN', '7', 'SUB BAGIAN PERENCANAAN DAN KEUANGAN', '', 'TU'),
('19710708199303200', 'YUSRINI HARUN, AMD', 'JAKARTA', '08/07/1971', 'islam', 'D.III', 'KOMPUTER 1989, STATISTISI 2001, BARJAS 11, PENDAFTARAN KAPAL', 'PENATA - III/C', '01/04/2016', '-', '-', 'PENYUSUN HIPOTIK KAPAL', '7', 'SEKSI STATUS HUKUM KAPAL', '', 'SHK'),
('197107141993031001', 'DUSMA', 'BANDUNG', '14/07/1971', 'islam', 'SLTA', '-', 'PENATA MUDA - III/A', '01/04/2013', '-', '-', 'PELUMAS MESIN KAPAL KELAS IV KNP 461', '6', 'SEKSI PATROLI', '', 'PPP'),
('197107201991031001', 'HAERUL SALIM', 'PURWAKARTA', '20/07/1971', 'islam', 'SLTA', '-', 'PENGATUR TK.I - II/D', '01/10/2013', '-', '-', 'TENAGA SAR / PENYELAM SCUBA', '7', 'SEKSI PATROLI', '', 'PPP'),
('197109141992031001', 'SOFYAN BINTORO', 'BANDUNG', '14/09/1971', 'islam', 'SLTA', '-', 'PENATA MUDA - III/A', '01/04/2013', '-', '-', 'PENGELOLA DATA DAN LAPORAN', '6', 'SEKSI PATROLI', '', 'PPP'),
('197109241993031001', 'A. RAZAK RACHMAN, S.PEL', 'JAKARTA', '24/09/1971', 'islam', 'S1', 'MARINE INSPECTOR A, KESYAHBANDARAN A.', 'PENATA - III/C', '01/04/2014', '-', '-', 'AUDITOR ISM CODE', '7', 'SEKSI PENCEGAHAN PENCEMARAN DAN MANAJEMEN ', '', 'SHK'),
('197110101992041001', 'MOCH ZAENUDIN', 'BANDUNG', '10/10/1971', 'islam', 'SLTA', '-', 'PENATA MUDA TK I - III/B', '01/10/2012', '-', '-', 'KORDINATOR', '7', 'SEKSI PENJAGAAN', '', 'PPP'),
('197111131998041001', 'MAROSAS PANANGIAN GULTOM', 'BANDUNG', '13/11/1971', 'kristen', 'S1', 'DIKDAS MENWA 1993, B. INGGRIS 1997, KOMPUTER 1997', 'PENATA - III/C', '01/04/2016', '-', '-', 'PENGELOLA DATA DAN LAPORAN', '6', 'SEKSI PENJAGAAN', '', 'PPP'),
('197111291992031002', 'DADANG', 'BANDUNG', '29/11/1971', 'islam', 'SLTA', '-', 'PENATA MUDA TK I - III/B', '01/04/2012', '-', '-', 'KORDINATOR', '7', 'SEKSI PENJAGAAN', '', 'PPP'),
('197203091993031001', 'JOKO PRIYAMBODO', 'BANDUNG', '09/03/1972', 'islam', 'SLTA', '-', 'PENGATUR - II/C', '01/04/2013', '-', '-', 'PENGAWAS KEAMANAN DAN KETERTIBAN PELABUHAN', '6', 'SEKSI PENJAGAAN', '', 'PPP'),
('197203181993031002', 'CECEP SOPYAN', 'BANDUNG', '18/03/1972', 'islam', 'SLTA', '-', 'PENGATUR TK.I - II/D', '01/10/2013', '-', '-', 'KKM KAPAL KELAS V KNP 504', '8', 'SEKSI PATROLI', '', 'PPP'),
('197204051993031001', 'SYAMSUL ABDILLAH', 'BANDUNG', '05/04/1972', 'islam', 'SLTA', '-', 'PENATA MUDA - III/A', '01/10/2011', '-', '-', 'PENGELOLA DATA DAN LAPORAN', '6', 'SEKSI PENUNJANG KESELAMATAN DAN PENYIDIKAN', '', 'PPP'),
('197204291992031002', 'DEDI SUPRIYADI R.', 'BANDUNG', '29/04/1972', 'Islam', 'SLTA', '-', 'PENATA MUDA TK I - III/B', '01/03/2011', '-', '-', 'KKM KAPAL KELAS IV KNP 488', '9', 'SEKSI PATROLI', '', 'PPP'),
('197207211998041004', 'RAYSON CERULLO ARGEMIRO PIAY, ST., M.SI.', 'JAKARTA', '21/07/1972', 'islam', 'S2', 'KESYAHBANDARAN , MARINE INSPECTOR A', 'PENATA-III/C', '01/10/2015', 'RKAPAL', 'PIM III', 'KEPALA SEKSI TERTIB BERLAYAR, 02-05-2016', '9', 'BIDANG KESELAMATAN BERLAYAR', '', 'KKB'),
('197208061997031002', 'LAMBOK SIHOMBING', 'BANDANERA', '06/08/1972', 'kristen', 'SLTA', '-', 'PENATA MUDA - III/A', '01/04/2013', '-', '-', 'KORDINATOR', '7', 'SEKSI PENJAGAAN', '', 'PPP'),
('197208251997031001', 'KURNIAWAN YAHYA', 'JAKARTA', '25/08/1972', 'islam', 'D.III', '-', 'PENATA - III/C', '01/04/2015', 'KTK', '-', 'PENGELOLA DOKUMEN KAPAL', '7', 'SEKSI TERTIB BERLAYAR', '', 'KKB'),
('197209211992031001', 'BUGI SETYONO', 'BANDUNG', '21/09/1972', 'islam', 'SLTA', '-', 'PENATA MUDA TK I - III/B', '01/04/2012', '-', '-', 'NAHKODA KAPAL KELS V KNP 557', '9', 'SEKSI PATROLI', '', 'PPP'),
('197209261993031002', 'KUSRIYADI', 'BANDUNG', '26/09/1972', 'islam', 'SLTA', '-', 'PENGATUR TK.I - II/D', '01/04/2004', '-', '-', 'PENYIAPAN BANTUAN MUSIBAH DAN TENAGA SAR', '7', 'SEKSI PATROLI', '', 'PPP'),
('197210221993032001', 'TITIK WAHYUNI, S.SOS', 'JAKARTA', '22/10/1972', 'islam', 'S1', 'BENDAHARAWAN A  99, BARANG DAN JASA 2007, ARSIPARIS  04, TTPL PRATAMA 10 ', 'PEMBINA - IV/A', '01/10/2016', '-', '-', 'PENYUSUN EXIBITUM BUKU JURNAL KAPAL DAN MEMORANDUM KAPAL', '7', 'SEKSI SERTIFIKASI KESELAMATAN KAPAL', '', 'SHK'),
('197210251994041001', 'MUHAMAD DJAENUDIN', 'BANDUNG', '25/10/1972', 'islam', 'SLTP', '-', 'PENGATUR - II/C', '01/04/2015', '-', '-', 'PENGELOLA DATA DAN LAPORAN', '6', 'SEKSI TERTIB BERLAYAR', '', 'KKB'),
('197210291992031002', 'SIGIT AGUNG NUGROHO', 'JAKARTA', '29/10/1972', 'islam', 'SLTA', '-', 'PENGATUR TK.I - II/D', '01/04/2014', 'MPT', '-', 'PENGOLAH DATA AWAK KAPAL', '7', 'SEKSI KEPELAUTAN', '', 'KKB'),
('19721161993031001', 'KOCAT TURHADI', '-', '10/12/2017', '-', '-', '-', 'PENGATUR - II/C', '10/12/2017', '-', '-', 'PENGELOLA ADMINISTRASI KEUANGAN', '7', 'SUB BAGIAN KEPEGAWAIAN, UMUM DAN HUMAS', '', 'TU'),
('197303071992032001', 'ALFRIA MARETA, SE, MM', 'PENAGO', '07/03/1973', 'islam', 'S2', '-', 'PEMBINA - IV/A', '01/04/2014', '-', '-', 'PENGELOLA DOKUMEN KAPAL', '7', 'SEKSI TERTIB BERLAYAR', '', 'KKB'),
('197304181992031001', 'TEGUH SISWANTO', 'BANDUNG', '18/04/1973', 'islam', 'SLTP', '-', 'PENGATUR - II/C', '01/04/2013', '-', '-', 'PENGAWAS KEAMANAN DAN KETERTIBAN PELABUHAN', '6', 'SEKSI PENJAGAAN', '', 'PPP'),
('197308281993031002', 'WAHYUDIN', 'BANDUNG', '28/08/1973', 'Islam', 'SLTA', '-', 'PENATA MUDA - III/A', '01/04/2005', '-', '-', 'PENGAWAS KEAMANAN DAN KETERTIBAN PELABUHAN', '6', 'SEKSI PENJAGAAN', '', 'PPP'),
('197311201993031002', 'DJOKO ANOMPEN', 'BANDUNG', '20/11/1973', 'islam', 'S1', 'PPNS, AUDITOR ISPS-CODE', 'PENATA - III/C', '01/10/2014', '-', '-', 'VERIFIKATOR ISPS CODE', '7', 'SEKSI PENUNJANG KESELAMATAN DAN PENYIDIKAN', '', 'PPP'),
('197311201993032001', 'NURMALA DEWI', 'BATURAJA', '20/11/1973', 'islam', 'S1', 'PENDAFTARAN KAPAL, BARJAS 2011', 'PENATA - III/C', '01/10/2017', '-', '-', 'PENGOLAH DATA AWAK KAPAL', '7', 'SEKSI KEPELAUTAN', '', 'KKB'),
('197311272003121001', 'YOHANES YUDO BUSONO, S.KOM', 'JAKARTA', '27/11/1973', 'katolik', 'S1', 'MARINE INSPECTOR A, KESYAHBANDARAN A', 'PENATA MUDA TK I - III/B', '01/04/2015', '-', '-', 'PENGAWAS TERTIB BANDAR DAN TERTIB BERLAYAR', '6', 'SEKSI TERTIB BANDAR', '', 'KKB'),
('197312112009121001', 'FATHUROHMAN, M.MAR. E', 'LAMPUNG', '11/12/1973', 'islam', 'S1', 'MARINE  INSPECTOR A 2011', 'PENATA MUDA TK I - III/B', '01/04/2014', 'ATT I', '-', 'PENILIK PERALATAN PENCEGAH PENCEMARAN', '7', 'SEKSI PENCEGAHAN PENCEMARAN DAN MANAJEMEN ', '', 'SHK'),
('197312122006041001', 'ARIF RAHMAN HAKIM', 'ENDE FLORES', '12/12/1973', 'islam', 'SLTA', 'PENDAFTARAN DAN KEBANGSALAN KAPAL', 'PENGATUR - II/C', '01/04/2014', '-', '-', 'PENGELOLA DATA DAN LAPORAN', '6', 'SEKSI TERTIB BERLAYAR', '', 'KKB'),
('197401072007121001', 'RUDI JAKSA SIMATUPANG, S.SIT, M.SI.', 'TANJUNG PINANG', '07/01/1974', 'kristen', 'S2', 'BASIC SAFTY TRAINING,  PROF IN SURVIVAL CRAFT & RESCUE BOAT,  ADVENCED FIRE FICTING,  RADAR SIMULATION,  TANGKER FAMILIARRIZATION,  MEDICAL CARE ON BOARD SHIP,  MEDICAL FIRST AID,  ORU, LATIHAN DASAR MILITER, MARINE INSPECTOR A, KESYAHBANDARAN A', 'PENATA - III/C', '01/10/2015', 'ANT I', '-', 'MARINE INSPECTOR', '7', 'SEKSI SERTIFIKASI KESELAMATAN KAPAL', '', 'SHK'),
('197403131997031001', 'JOVI NOVIZON', '-', '10/12/2017', '-', '-', '-', 'PENGATUR TK.I - II/B', '10/12/2017', '-', '-', 'PETUGAS KEHUMASAN', '5', 'SUB BAGIAN KEPEGAWAIAN, UMUM DAN HUMAS', '', 'TU'),
('197404282008121001', 'ALBERT SALAWATI', '-', '10/12/2017', '-', '-', '-', 'PENATA MUDA TK I - II/B', '10/12/2017', '-', '-', 'PENGELOLA ADMINISTRASI PERKANTORAN', '7', 'SUB BAGIAN KEPEGAWAIAN, UMUM DAN HUMAS', '', 'TU'),
('197407072009121001', 'IZRIANSYAH ,S.T. M.MAR.E', 'MEDAN', '01/07/1974', 'islam', 'S1', ' MARINE INSPECTOR A 2011, KESYAHBANDARAN A', 'PENATA - III/C', '01/10/2017', 'ATT I', '-', 'MARINE INSPECTOR', '7', 'SEKSI SERTIFIKASI KESELAMATAN KAPAL', '', 'SHK'),
('197408162007121002', 'SLAMET SANTOSO', '-', '10/12/2017', '-', '-', '-', 'PENGATUR MUDA TK.I - II/B', '10/12/2017', 'PETUGAS BMN', '-', '-', '7', 'SUB BAGIAN PERENCANAAN DAN KEUANGAN', 'batman.jpg', 'TU'),
('197410311998081001', 'HENDRI GINTING, CAPT, MM', 'TEMBENGAN', '31/10/1974', 'islam', 'S2', 'KESYAHBANDARAN A, MARINE INSPEKTOR A, AKTA III, INTERNAL QUALITY AUDITOR TRAINING, PENGADAAN BARANG DAN JASA, SCRB, STANDAR MUTU, STCW AMANDEMEN 95, STCW-78, TOT AUDITOR OF ISM CODE, TOT MODEL 3.12, TOT MODEL COURSE 6.09.', 'PEMBINA - IV/A', '01/04/2017', 'ANT I', 'PIM III', 'KEPALA BIDANG KESELAMATAN BERLAYAR, 13-10-2016', '12', 'BIDANG KESELAMATAN BERLAYAR', '', 'KKB');
INSERT INTO `t_pegawai` (`nip`, `namaPegawai`, `tempatLahir`, `tanggalLahir`, `agama`, `pendidikan`, `pendidikanKedinasan`, `pangkatGol`, `tmt`, `kepel`, `penjenjangan`, `jabatan`, `kelasJabatan`, `unitKerja`, `foto`, `idBagian`) VALUES
('197502022007121001', 'CAPT. ARIEF SUNANDAR, SE', 'JAKARTA', '02/02/1975', 'islam', 'D.IV', 'ISM CODE, ISPS AUDITOR, KESYAHBANDARAN KLAS A, KESYAHBANDARAN KLAS B, KOORDINASI TEKNIS KESYAHBANDARAN DAN PSCO, MARINE INSPECTOR TYPE A, PELATIHAN PENYEGARAN PSCO, PENGAWAS PEMANDU, PORT STATE CONTROL CAPACITY BUILDING, PSCO, PORT STATE CONTROL WORKSHOP JICA', 'PENATA MUDA TK I - III/B', '01/04/2016', 'ANT II', '-', 'PENGAWAS KAPAL ASING', '6', 'SEKSI TERTIB BERLAYAR', '', 'KKB'),
('197502041999031001', 'SONY SYAFTANI PAWIKA', 'JAKARTA', '04/02/1975', 'islam', 'S1', 'KOMPUTER 1996, PENGUKURAN KAPAL 2006', 'PENATA MUDA TK I - III/A', '01/04/2014', '-', '-', 'AHLI UKUR', '7', 'SEKSI STATUS HUKUM KAPAL', '', 'SHK'),
('19750209200712100', 'MIFTAKHUL HADI', 'GROBOGAN', '09/02/1975', 'islam', 'S2', 'ADVANCE FIRE FIGHTING, ARPA SIMULATOR, AUDITOR ISM CODE, AUDITOR ISPS CODE, BASIC SAFETY TRAINING, CCRBS, FELLOWSHIP PSCO, GMDSS, KESYAHBANDARAN "A", MARINE INSPECTORE "A", PENANGANAN MUATAN BARANG BERBAHAYA, PENDAFTARAN DAN KEBANGSAAN KAPAL, PENGAJAR PSCO, PPNS, TEKNIS FUNGSIONAL INTERMEDIATE COMMERCIAL SURVEY, TEKNIS FUNGSIONAL PENGAWAS PEMANDUAN ANGKATAN I, TOT PSC', 'PENATA - III/C', '01/04/2016', 'ANT II', 'PIM IV', 'KEPALA SEKSI SERTIFIKASI KESELAMATAN KAPAL, 21-07-2017', '9', 'BIDANG STATUS HUKUM DAN SERTIFIKASI KAPA', '', 'SHK'),
('197502261998031002', 'EDDY FERDINAND', 'JAKARTA', '26/02/1975', 'islam', 'SLTA', 'BARANG BERBAHAYA', 'PENATA MUDA - III/A', '01/04/2014', 'ATT IV', '-', 'PENGAWAS PEMANDUAN', '6', 'SEKSI TERTIB BANDAR', '', 'KKB'),
('197503132003122002', 'YULIA ROCHYATIN', 'CIAMIS', '13/03/1975', 'islam', 'S1', 'MARINE INSPECTOR A, KESYAHBANDARAN A', 'PENATA MUDA TK I - III/B', '01/04/2014', 'ANT II', '-', 'PENGELOLA DOKUMEN KAPAL', '7', 'SEKSI TERTIB BERLAYAR', '', 'KKB'),
('197504022003121001', 'INDRATMO HUMUGI, S.SOS', 'BANDUNG', '02/04/1975', 'islam', 'S1', '-', 'PENATA MUDA TK I - III/B', '01/04/2015', '-', '-', 'PENGELOLA DATA DAN LAPORAN', '6', 'SEKSI PATROLI', '', 'PPP'),
('197506242002121002', 'SUPRIYANTO', 'BANDANERA', '06/06/1975', 'islam', 'SLTA', '-', 'PENGATUR TK.I - II/D', '01/04/2015', '-', '-', 'PENYIAPAN BANTUAN MUSIBAH DAN TENAGA SAR', '7', 'SEKSI PATROLI', '', 'PPP'),
('197507071998031002', 'HANI JJ MAMENGKO,SH., MSI.', 'KANOANG', '07/07/1975', 'kristen', 'S2', 'PENDAFTARAN KAPAL, PENGUKURAN KAPAL, KEPENGACARAAN.', 'PENATA - III/C', '01/12/2015', '-', '-', 'PENGOLAH DATA AWAK KAPAL', '7', 'SEKSI TERTIB BERLAYAR', '', 'KKB'),
('197508092008122001', 'MERYANTA S.', 'MEDAN', '09/08/1975', 'kristen', 'S1', 'MARINE INSPECTOR A, KESYAHBANDARAN A', 'PENATA MUDA TK I - III/B', '01/04/2017', 'ANT II', '-', 'AUDITOR ISM CODE', '7', 'SEKSI SERTIFIKASI KESELAMATAN KAPAL', '', 'SHK'),
('197508282009121002', 'ZULFAHMI, SE', 'KARANG ENDAH', '23/01/1978', 'islam', 'S1', 'MARINE INSPECTOR B, KESYAHBANDARAN B, MARINE INSPECTOR A', 'PENATA MUDA TK I - III/B', '01/10/2017', 'ANT III', '-', 'PENGELOLA DOKUMEN KAPAL', '7', 'SEKSI TERTIB BERLAYAR', '', 'KKB'),
('197509292009121002', 'IWAN SETIAWAN, S.SIT, MM', 'PADANG', '29/09/1975', 'islam', 'S2', 'MARINE INSPECTOR A, KESYAHBANDARAN A.', 'PENATA MUDA TK I - III/B', '01/04/2014', 'ANT II', '-', 'PENGELOLA DOKUMEN KAPAL', '7', 'SEKSI TERTIB BERLAYAR', '', 'KKB'),
('197601111997031002', 'ANSYAR', 'BANDUNG', '11/01/1976', 'islam', 'SLTA', '-', 'PENATA MUDA - III/B', '01/10/2016', '-', '-', 'KORDINATOR', '7', 'SEKSI PATROLI', '', 'PPP'),
('197604011999032001', 'RUKMINI', '-', '10/12/2017', '-', '-', '-', 'PENATA MUDA TK I - III/A', '10/12/2017', '-', '-', 'PENGELOLA ADMINISTRASI PERKANTORAN', '7', 'SUB BAGIAN KEPEGAWAIAN, UMUM DAN HUMAS', '', 'TU'),
('197604062003121001', 'DIAN PERMANA PUTRA', 'JAKARTA', '06/04/1976', 'islam', 'S1', 'MARINE INSPECTOR A, KESYAHBANDARAN A', 'PENATA MUDA TK I - III/B', '01/10/2017', '-', '-', 'PETUGAS PENJAGAAN', '5', 'SEKSI PENJAGAAN', '', 'PPP'),
('197606202007121001', 'SONNY CROUCE PARDOMUAN SILABAN M.MAR.', 'PALEMBANG', '20/06/1976', 'islam', 'S1', 'BASIC SAFTY TRAINING, PROF IN SURVIV, CRAFT & RESCUE BOAT,  ADVENCED FIRE FICTING, RADAR SIMULATION,  ARPA SIMULATOR,  TANGKER FAMILIARRIZATION,  MEDICAL CARE ON BOARD SHIP,  MEDICAL FIRST AID,  SHIP SECURITY OFFISER,  ISM CODE, MARINE INSPECTOR A 2010, KESYAHBANDARAN A 11', 'PENATA - III/C', '01/04/2017', 'ANT I', '-', 'MARINE INSPECTOR', '7', 'SEKSI SERTIFIKASI KESELAMATAN KAPAL', '', 'SHK'),
('197607042009121003', 'JULIAWANTO', 'PEMALANG', '04/07/1976', 'islam', 'D.I', '-', 'PENGATUR MUDA TK.I - II/B', '01/04/2014', '-', '-', 'PENGOLAH DATA AWAK KAPAL', '7', 'SEKSI KEPELAUTAN', '', 'KKB'),
('197607162003121001', 'MOHAMMAD YUSUF, SE', 'BALI', '16/07/1976', 'islam', 'S1', 'PPNS', 'PENATA MUDA TK I - III/B', '01/04/2015', '-', 'PIM IV', 'NAHKODA KAPAL KELAS IV KNP 410', '10', 'SEKSI PATROLI', '', 'PPP'),
('19760721200604100', 'JOHAN CHRISTOFFEL, M.MAR. E.,MM', 'PANGKAL PINANG', '21/07/1976', 'kristen', 'S2', 'MARINE INSPECTOR 2008, PSC, KESYAHBANDARAN A', 'PENATA - III/C', '01/04/2014', 'ATT I', '-', 'MARINE INSPECTOR', '7', 'SEKSI SERTIFIKASI KESELAMATAN KAPAL', '', 'SHK'),
('197608012006041001', 'CAPT. SURATNO, SE', 'DUMAI', '01/08/1976', 'islam', 'S1', 'MI B, SYAHBANDAR B, PSCO, TOT PSCO', 'PENATA MUDA TK I - III/B', '01/10/2016', 'ANT I', '-', 'KEPALA SEKSI PENUNJANG KESELAMATAN DAN PENYIDIKAN, 21-07-2017', '9', 'BIDANG PENJAGAAN, PATROLI DAN PENYIDIKAN', '', 'PPP'),
('197608201997031002', 'PUJIONO', 'BANDUNG', '20/08/1976', 'islam', 'SLTA', '-', 'PENATA MUDA TK I - III/B', '01/04/2016', '-', '-', 'KKM KAPAL KELAS V KNP 557', '8', 'SEKSI PATROLI', '', 'PPP'),
('197608222006041001', 'MOCHAMAD AGUS SUMARYANO', 'CILACAP', '22/08/1976', 'islam', 'SLTA', 'KEPROTOKOLAN', 'PENGATUR MUDA TK.I - II/B', '01/04/2014', '-', '-', 'PENGOLAH DATA AWAK KAPAL', '7', 'SEKSI KEPELAUTAN', '', 'KKB'),
('197609091999032001', 'DELVITA ANDRIYANI', '-', '10/12/2017', '-', '-', '-', 'PENATA MUDA TK I - III/A', '10/12/2017', '-', '-', 'PENGELOLA URUSAN KERUMAHTANGGAAN', '7', 'SUB BAGIAN KEPEGAWAIAN, UMUM DAN HUMAS', '', 'TU'),
('197609132003121002', 'IBRIYANTO', 'PADANG', '13/09/1976', 'islam', 'S1', 'KESYAHBANDARAN B, MARINE INSPECTOR A', 'PENATA MUDA TK I - III/B', '01/10/2016', 'ANT III', '-', 'PENGELOLA DOKUMEN KAPAL', '7', 'SEKSI TERTIB BERLAYAR', '', 'KKB'),
('197609272007122001', 'ENIKE FITRIANI', 'PURBALINGGA', '27/09/1986', 'islam', 'SLTA', 'PENDAFTARAN KAPAL', 'PENGATUR - II/C', '01/04/2016', '-', '-', 'PETUGAS PENDAFTARAN DAN BALIK NAMA KAPAL', '6', 'SEKSI STATUS HUKUM KAPAL', '', 'SHK'),
('197610032007121001', 'GUSTI SAPUTRA', 'BANDUNG', '03/10/1976', 'islam', 'SLTA', '-', 'PENATA MUDA - III/A', '01/10/2014', '-', '-', 'PENGAWAS PEMANDUAN', '6', 'SEKSI TERTIB BANDAR', '', 'KKB'),
('197612232007121001', 'DONALD PARLIAN SITOMPUL', 'JAKARTA', '23/04/1967', 'kristen', 'S2', 'MARINE INSPECTOR A, KESYAHBANDARAN A', 'PENATA - III/C', '01/04/2016', 'ANT I', '-', 'PENGAWAS KAPAL ASING', '6', 'SEKSI TERTIB BERLAYAR', '', 'KKB'),
('197612312007122001', 'DESSY JUMIARTISA', 'PEKANBARU', '31/12/1976', 'islam', 'S1', 'MARINE INSPECTOR A, KESYAHBANDARAN A.', 'PENATA - III/C', '01/04/2016', 'ANT I', '-', 'PENGAWAS PEMANDUAN', '6', 'SEKSI TERTIB BANDAR', '', 'KKB'),
('197701022007121001', 'ANTON SETIAWAN', 'JAKARTA', '02/01/1977', 'islam', 'S1', 'MARINE INSPECTOR 2008, PSC, KESYAHBANDARAN A', 'PENATA-III/C', '01/04/2016', 'ANT', '-', 'MARINE INSPECTOR', '7', 'SEKSI SERTIFIKASI KESELAMATAN KAPAL', '', 'SHK'),
('197705132002121004', 'M. JEFRI DJAFAR', 'BANDUNG', '13/05/1977', 'islam', 'SLTA', '-', 'PENATA MUDA - III/A', '01/04/2015', '-', '-', 'KELASI KAPAL KELAS IV KNP 410', '6', 'SEKSI PATROLI', '', 'PPP'),
('197707122002121002', 'ARYUS YULIANTONI', 'JAKARTA', '12/07/1977', 'islam', 'S1', 'KOMPUTER 2000', 'PENATA MUDA TK I - III/B', '01/04/2015', '-', '-', 'PENYUSUN EXIBITUM BUKU JURNAL KAPAL DAN MEMORANDUM KAPAL', '7', 'SEKSI SERTIFIKASI KESELAMATAN KAPAL', '', 'SHK'),
('197707142008122002', 'ALOIN DWINDA YULIA RESTANTI', 'SURABAYA', '14/07/1977', 'islam', 'D.III', 'ORU, AFF, BST, SCRB, GMOSS, MEFA, MC, ARDA SIMULATION, RADAR SIMULATION, ISPS CODE, ASM CODE SAFETY INTERNAL AUDITOR, MARINE INSPECTOR B', 'PENGATUR TK.I', '01/01/2015', 'ANT III', '-', 'AUDITOR ISM CODE', '7', 'SEKSI PENCEGAHAN PENCEMARAN DAN MANAJEMEN KESELAMATAN KAPAL ', '', 'SHK'),
('197707272010121002', 'BAGUS RIYANTO, A.MD', 'BANDUNG', '27/07/1977', 'islam', 'S1', '-', 'PENATA MUDA TK I - III/B', '01/04/2014', 'ANT II', '-', 'KKM KAPAL KELAS III KNP 356', '10', 'SEKSI PATROLI', '', 'PPP'),
('197708252003121001', 'SIRHAN', 'JAKARTA', '25/08/1977', 'islam', 'SLTA', '-', 'PENGATUR MUDA TK.I - II/B', '01/04/2008', '-', '-', 'PETUGAS PENJAGAAN', '5', 'SEKSI PENJAGAAN', '', 'PPP'),
('197708262008121001', 'AGUS HERMAWAN SUSILOHARTO S. SI.T', 'SLEMAN', '26/08/1977', 'islam', 'S1', 'BST,SCRB,AFF,MFA,MC, RADAR, MARINE INSPECTOR A, KESYAHBANDAR A.', 'PENATA - III/C', '01/04/2017', 'ANT I', '-', 'MARINE INSPECTOR', '7', 'SEKSI SERTIFIKASI KESELAMATAN KAPAL', '', 'SHK'),
('197709202005021001', 'STEPHANUS RISDIYANTO', 'SEMARANG', '20/09/1977', 'islam', 'S2', 'AUDITOR ISM CODE, MARINE INSPECTOR TYPE A ', 'PENATA TK. I - III/D', '01/04/2014', 'ATT II', 'PIM IV', 'KEPALA SEKSI TERTIB BANDAR, 20-04-2017', '9', 'BIDANG KESELAMATAN BERLAYAR', '', 'KKB'),
('19771106200312100', 'HARIO WIBOWO SUPRIYADI. MM', 'JAKARTA', '06/11/1977', 'islam', 'S2', 'MARINE INSPECTOR A 2008, KESYAHBANDARAN A 2008', 'PENATA - III/C', '01/10/2015', 'ATT I', '-', 'PENGOLAH DATA AWAK KAPAL', '7', 'SEKSI KEPELAUTAN', '', 'KKB'),
('197711152010122003', 'IIN INDARSIH', 'BOGOR', '15/11/1977', 'islam', 'D.III', 'MARINE INSPEKTOR B, KESYAHBANDARAN B', 'PENGATUR TK.I - II/D', '01/04/2015', 'ANT III', '-', 'PENGELOLAD DATA DAN LAPORAN', '6', 'SEKSI PENJAGAAN', '', 'PPP'),
('197712022006042002', 'CAPT. CHRISTIANA YUTITA, S SIT, M.MAR', 'TANJUNG KARANG', '22/12/1977', 'islam', 'D4', 'WORKSHOP OF THE IMPLEMENTATION OF ANTIFOULING SYSTEM CONVENTION FOR INDONESIAN FLAG VESSELS, TRAINING COURSE ON THE INTERNATIONAL SAFETY MANAGE, TANKER FAMILIARIZATION, REGIONAL CONFERENCE ON THE DEVELOPMENT OF A GLOBAL SRTATEGY FOR WOMEN SEAFARERS, RADAR SIMULATION, PROFICIENCY IN SURVIVAL CRAFT AND RESCUE BOATS, PROFICIENCY IN GMDSS, MEDICAL FIRST AID, MARINE INSPECTOR TYPE A, ISM CODE, HARBOUR MASTER TRAINING, HARBOUR CRAFT MASTER COURSE, DANGEROUS, HAZARDOUS AND HARMFUL CARGOES, ARPA SIMULATOR, ADVANCED FIRE FIGHTING.', 'PENATA TK I', '01/04/2016', 'ANT I', 'PIM IV', 'KEPALA BIDANG STATUS HUKUM DAN SERTIFIKASI KAPAL, 21-07-2017', '12', 'BIDANG STATUS HUKUM DAN SERTIFIKASI KAPAL', '', 'SHK'),
('197801201999031002', 'HERMAWAN', 'BANDUNG', '20/01/1978', 'islam', 'D.III', '-', '6', '01/10/2016', '-', '-', 'PENGELOLA DATA DAN LAPORAN', '6', 'SEKSI TERTIB BERLAYAR', '', 'KKB'),
('197802232007121002', 'RICKSON FRIYADI MARISTUA', 'JAKARTA', '23/01/1978', 'kristen', 'D.IV', 'KESYAHBANDARAN KELAS A', 'PENATA MUDA TK I - III/B', '01/10/2017', 'ANT II', '-', 'PENGELOLA DOKUMEN KAPAL', '7', 'SEKSI TERTIB BERLAYAR', '', 'KKB'),
('197804141998031002', 'DEFI AFRIYANTO', 'JAKARTA', '14/04/1978', 'islam', 'SLTA', '-', 'PENGATUR TK.I - II/D', '01/10/2013', '-', '-', 'PENGAWAS KEAMANAN DAN KETERTIBAN PELABUHAN', '6', 'SEKSI PENJAGAAN', '', 'PPP'),
('197804162006041003', 'WAN FADLI, S.T', 'DUMAI', '16/04/1978', 'islam', 'S1', 'MARINE INSPECTOR A, KESYAHBANDARAN A', 'PENATA MUDA TK I - III/B', '01/04/2015', 'ATT II', '-', 'PENGELOLA DOKUMEN KAPAL', '7', 'SEKSI TERTIB BERLAYAR', '', 'KKB'),
('197804242010121001', 'DEDDY ARIYANTO, S.SI.T', 'MEDAN', '24/04/1978', 'islam', 'SLTA', '-', 'PENATA MUDA TK I - III/B', '01/04/2015', 'ANT II', '-', 'PENGAWAS KAPAL ASING', '6', 'SEKSI TERTIB BERLAYAR', '', 'KKB'),
('19780521200712100', 'SUPRIHATIN HENDRIANTORO', 'KARANGANYAR', '25/05/1978', 'islam', 'S1', 'BASIC SAFETY TRAINING', 'PENATA MUDA - III/A', '01/04/2015', '-', '-', 'PENGELOLA DATA DAN LAPORAN', '6', 'SEKSI PENUNJANG KESELAMATAN DAN PENYIDIKAN', '', 'PPP'),
('197806302005021002', 'YAN GUNAWAN', 'JAKARTA', '30/06/1978', 'islam', 'S1', '-', 'PENATA MUDA - III/A', '01/10/2013', 'ANT V', '-', 'MUALIM II KAPAL KNP 356', '8', 'SEKSI PATROLI', '', 'PPP'),
('197807192002121002', 'KOKO SUHARJO', 'JAKARTA', '19/07/1978', 'islam', 'SLTA', 'PENGAWAS TERTIB BANDAR DAN TERTIB BERLAYAR', 'PENGATUR TK.I - II/D', '01/04/2015', '-', '-', 'PENGAWAS TERTIB BANDAR DAN TERTIB BERLAYAR', '6', 'SEKSI TERTIB BANDAR', '', 'KKB'),
('197807192008121002', 'BUDI YULIANTO', 'JAKARTA', '19/07/1978', 'islam', 'D.III', 'MARINE INPECTOR A', 'PENATA MUDA TK I - III/B', '01/10/2015', 'ATT II', '-', 'PENGAWAS PEMANDUAN', '6', 'SEKSI TERTIB BANDAR', '', 'KKB'),
('197809122010122001', 'MODESTA WAKIM, SE', '-', '10/12/2017', '-', '-', '-', 'PENATA MUDA TK I - III/B', '10/12/2017', '-', '-', 'PETUGAS PNPB', '7', 'SUB BAGIAN PERENCANAAN DAN KEUANGAN', '', 'TU'),
('197810252003121001', 'DWIPO YUDONO OKTAVIANU', 'JAKARTA', '25/10/1978', 'islam', 'SLTA', '-', 'PENGATUR - II/C', '01/04/2013', '-', '-', 'TENAGA SAR / PENYELAM SCUBA', '7', 'SEKSI PATROLI', '', 'PPP'),
('197810272006041001', 'ROY FRANSISKUS SITORUS', 'RANTAUPRAPAT', '27/10/1978', 'kristen', 'S1', 'MARINE INSPECTOR A, KESYAHBANDARAN A', 'PENATA MUDA TK I - III/B', '01/04/2016', 'ANT II', '-', 'PENGAWAS PEMANDUAN', '6', 'SEKSI TERTIB BANDAR', '', 'KKB'),
('197811302003121001', 'PANDJI BROTO SUDARMO', 'JAKARTA', '30/11/1978', 'islam', 'SLTA', '-', 'PENGATUR MUDA TK.I - II/B', '01/04/2010', '-', '-', 'PENGAWAS KEAMANAN DAN KETERTIBAN PELABUHAN', '6', 'SEKSI PENJAGAAN', '', 'PPP'),
('197901022010121001', 'RERI FERARI', '-', '10/12/2017', '-', '-', '-', 'PENGATUR MUDA TK.I - II/B', '10/12/2017', '-', '-', 'PENGELOLA ADMINISTRASI KEUANGAN', '7', 'SUB BAGIAN PERENCANAAN DAN KEUANGAN', '', 'TU'),
('197903132007121001', 'CAPT. MALTUS JACKLINE K. S.SIT.MSI', 'SURABAYA', '13/03/1979', 'islam', 'S2', 'TRAINING INSPECTOR OF MARITIME LABOR CONVENTION 2006, SHIP BUILDING AND MANUFACTURING COURSE, SAFETY INSPECTOR CAPACITY BUILDING, PORT STATE CONTROL FELLOWSHIP TRAINING OFFICER, PENYEGARAN TENAGA PSC DALAM RANGKA PENINGKATAN KUALITAS PETUGAS PSC, PENGUKUHAN MARINE INSPECTOR A, PEMBINAAN DAN LATIHAN DASAR KESAMAPTAAN CPNS, MARINE INSPECTOR TYPE A, LATIHAN DASAR MILITER, KESYAHBANDARAN. A, ISPS CODE AUDITOR, ISM CODE, IMDG GODE INSPECTOR, FOURTH SPECIALIZED TRAINING COURSE PERTAINING TO ISPS CODE, ENGLISH LANGUAGE TRAINING, DIKLAT MANAJEMEN PERUBAHAN, BRIDGE TEAM MANAGEMENT, BIMTEK ISM CODE AUDITOR, AUDITOR ISM CODE', 'PENATA - III/C', '01/04/2016', 'ATT I', 'PIM IV', 'KEPALA SEKSI KEPELAUTAN, 02-05-2016', '9', 'BIDANG KESELAMATAN BERLAYAR', '', 'KKB'),
('197903222003121001', 'INDRAWAN SAPUTRA', 'JAKARTA', '22/03/1979', 'islam', 'SLTA', '-', 'PENGATUR TK.I - II/D', '01/04/2016', '-', '-', 'PENGELOLA DATA DAN LAPORAN', '6', 'SEKSI PATROLI', '', 'PPP'),
('197907292007121001', 'INDANG NOERKAJATI, MM', 'JAKARTA', '29/07/1979', 'islam', 'S2', 'KESYAHBANDARAN A,MARINE INSPECTOR A 11', 'PENATA - III/C', '01/04/2016', 'ANT I', '-', 'KEPALA SEKSI PATROLI, 20-01-2017', '9', 'BIDANG PENJAGAAN, PATROLI DAN PENYIDIKAN', '', 'PPP'),
('197908312010121003', 'SUDIGNO', 'TEGAL', '31/08/1979', 'islam', 'D.III', 'MARINE INSPECTOR B', 'PENGATUR TK.I - II/D', '01/01/2017', 'ANT III', '-', 'MARINE INSPECTOR', '7', 'SEKSI SERTIFIKASI KESELAMATAN KAPAL', '', 'SHK'),
('197910032009121001', 'HERI, S.SI.T', 'TELUK BELITUNG', '03/10/1979', 'kristen', 'S1', 'MARINE INSPECTOR A 2011, KESYAHBANDARAN A', 'PENATA MUDA TK I - III/B', '01/04/2014', 'ANT I', '-', 'MARINE INSPECTOR', '7', 'SEKSI SERTIFIKASI KESELAMATAN KAPAL', '', 'SHK'),
('197910232006041002', 'SINGGIH DWI RAHARJO, A.MD', 'SRAGEN', '23/10/1979', 'islam', 'S1', 'MARINE INSPECTOR B, KESYAHBANDARAN B', 'PENATA MUDA TK I - III/B', '01/01/2016', 'ANT II', '-', 'MARINE ISPECTOR', '7', 'SEKSI SERTIFIKASI KESELAMATAN KAPAL', '', 'SHK'),
('197911212002121001', 'ADY SURYONO, SE', 'JAKARTA', '21/11/1979', 'islam', 'S1', 'PPNS, PNBP ONE LINE, MENEMBAK, BARJAS 11', 'PENATA MUDA - III/A', '01/04/2015', '-', '-', 'PENYIAPAN BANTUAN MUSIBAH DAN TENAGA SAR', '7', 'SEKSI PATROLI', '', 'PPP'),
('197912172003121003', 'HOTLER SIMBOLON', 'JAKARTA', '17/12/1979', 'kristen', 'S1', '-', 'PENATA MUDA TK I - III/A', '01/04/2014', '-', '-', 'KORDINATOR', '7', 'SEKSI PENJAGAAN', '', 'PPP'),
('197912282003121002', 'YEN ANTHONY SEFNAT SINAGA', 'JAKARTA', '28/12/1979', 'kristen', 'SLTA', '-', 'PENGATUR - II/C', '01/10/2012', '-', '-', 'PENGELOLA DOKUMEN KAPAL', '7', 'SEKSI TERTIB BERLAYAR', '', 'KKB'),
('198002112007121003', 'FAISAL ISRODJI', 'JAKARTA', '11/02/1980', 'islam', 'SLTA', '-', 'PENGATUR TK I - II/C', '01/04/2016', '-', '-', 'DINAS POLISI', '6', 'SEKSI PENUNJANG KESELAMATAN DAN PENYIDIKAN', '', 'PPP'),
('198003282008121001', 'DONI EKO WIJAYANTO', 'JAKARTA ', '28/03/1980', 'islam', 'D.III', 'MARINE INSPECTOR B', 'PENATA MUDA - III/A', '01/04/2015', 'ATT III', '-', 'PENGELOLA DOKUMEN KAPAL', '7', 'SEKSI TERTIB BERLAYAR', '', 'KKB'),
('198003302002121001', 'LORRY ORDER', '-', '10/12/2017', '-', '-', '-', 'PENGATUR TK.I - II/D', '10/12/2017', '-', '-', 'PENYUSUN PROGRAM DAN RENCANA KERJA', '7', 'SUB BAGIAN PERENCANAAN DAN KEUANGAN', '', 'TU'),
('198005252003122002', 'MERRY FITRIA', 'JAKARTA', '25/05/1980', 'islam', 'S1', 'OMPUTER,  KEPROTOKOLERAN 2007,   B. INGGRIS', 'PENATA MUDA TK I - III/A', '01/04/2014', '-', '-', 'PENGELOLA DATA DAN LAPORAN', '7', 'SEKSI SERTIFIKASI KESELAMATAN KAPAL', '', 'SHK'),
('198006242008121001', 'DONNY NURYACHYA,. S.SIT. ', 'JAKARTA', '24/06/1980', 'islam', 'S1', 'BST,SCRB,AFF,MF,MC, TF, MARINE INSPECTOR A, KESYAHBANDARAN A', 'PENATA - III/C', '01/04/2017', 'ANT II', '-', 'MARINE INSPECTOR', '7', 'SEKSI SERTIFIKASI KESELAMATAN KAPAL', '', 'SHK'),
('198007052007121003', 'TOBY EBENEZER HUTASOIT,ST', 'JAKARTA', '05/06/1980', 'kristen', 'S1', 'LATDAS KESEMAPTAAN, TRAINING ON  PROJECT, MANAGENT   FOR SHIP BUILDING & SHIP REPAIRNG, ITS TOEFL VERSION, ONE STAR SCUBA, OPERATOR FOR WINDOWS, GENERAL ENGLISH KURSUS, MARINE INSPECTOR A.', 'PENATA - III/C', '01/04/2016', 'PERKAPALAN', '-', 'MARINE INSPECTOR', '7', 'SEKSI SERTIFIKASI KESELAMATAN KAPAL', '', 'SHK'),
('198007312009121004', 'BUDI PAROS VERNANDES SITOHANG,CAPT.., S.', 'MARJANDI', '31/07/1980', 'kristen', 'S2', ' MARINE INSPECTOR A 2011. PSC, INVESTIGASI KECELAKAAN KAPAL 2010, KESYAHBANDARAN A.', 'PENATA MUDA TK I - III/B', '01/04/2014', 'ANT I', '-', 'PENGAWAS KAPAL ASING', '6', 'SEKSI TERTIB BERLAYAR', '', 'KKB'),
('198008122006041001', 'AGIAN RIO HANDOKO', '-', '10/12/2017', '-', '-', '-', 'PENGATUR - II/C', '10/12/2017', '-', '-', 'PENGELOLA ADMINISTRASI PERKANTORAN', '7', 'SUB BAGIAN KEPEGAWAIAN, UMUM DAN HUMAS', 'superman.jpg', 'TU'),
('198009102007122001', 'POPPY KARTIKA SARI', '-', '10/12/2017', '-', '-', '-', 'PENATA MUDA TK I - III/A', '10/12/2017', '-', '-', 'PENGELOLA ADMINISTRASI PERKANTORAN', '7', 'SUB BAGIAN KEPEGAWAIAN, UMUM DAN HUMAS', '', 'TU'),
('198010072007121001', 'EDMON HAN', 'JAKARTA', '07/10/1980', 'kristen', 'SLTA', '-', 'PENGATUR - II/C', '01/10/2016', '-', '-', 'PENGAWAS KEAMANAN DAN KETERTIBAN PELABUHAN', '6', 'SEKSI PENJAGAAN', '', 'PPP'),
('198010082007121001', 'OCTAVIANSYAH RAIS, A.MD', 'PALEMBANG', '08/10/1980', 'islam', 'D.IV', 'ADVANCE FIRE FIGHTING, AUDITOR ISM CODE, BENDAHARA PENERIMA, KESYAHBANDARAN KLAS A, MARINE INSPECTOR TYPE. A, PENYULUHAN KESEHATAN KERJA PELAYARAN.', 'PENATA MUDA TK I - III/B', '01/04/2016', 'ATT II', '-', 'MUALIM I KAPAL KELAS III KNP 356', '9', 'SEKSI PATROLI', '', 'PPP'),
('198101042007121001', 'ARIS WIHARSO', 'BANYUMAS', '04/01/1981', 'islam', 'D.III', 'MARINE INSPECTOR B, KESYAHBANDARAN B', 'PENATA MUDA - III/A', '01/04/2016', 'ANT III', '-', 'PENGOLAH DATA AWAK KAPAL', '7', 'SEKSI KEPELAUTAN', '', 'KKB'),
('198108142010121004', 'WAHYU ARISTAUDY, A.MD', '-', '10/12/2017', '-', '-', '-', 'PENGATUR TK.I - II/D', '10/12/2017', '-', '-', 'PENYUSUN PROGRAM DAN RENCANA KERJA', '7', 'SUB BAGIAN PERENCANAAN DAN KEUANGAN', '', 'TU'),
('198109012003121001', 'SUBIYANTORO, S.PEL.', 'JAKARTA', '01/09/1981', 'islam', 'S1', 'KEPELABUHAN', 'PENATA MUDA TK I - III/B', '01/10/2014', 'ANT D', '-', 'PPNS', '7', 'SEKSI PENUNJANG KESELAMATAN DAN PENYIDIKAN', '', 'PPP'),
('198109022005021001', 'IVANS TAMBUNAN', 'JAKARTA', '02/11/1981', 'kristen', 'S1', 'MARINE INSPECTOR A', 'PENATA MUDA TK I - III/B', '01/10/2013', 'ANT II', '-', 'PENGELOLA DOKUMEN KAPAL', '7', 'SEKSI TERTIB BERLAYAR', '', 'KKB'),
('198109252010121001', 'SAMUEL LUMBAN GAOL, SST', 'DUMAI', '25/09/1981', 'kristen', 'D.IV', '-', 'PENATA MUDA - III/A', '01/12/2010', 'ANT II', '-', 'PENGELOLA DATA DAN LAPORAN', '6', 'SEKSI PATROLI', '', 'PPP'),
('198110072007121002', 'ANDRIJANTO', 'JAKARTA', '07/10/1981', 'islam', 'D.III', 'KESYAHBANDARAN B', 'PENATA MUDA - III/A', '01/04/2015', 'ANT III', '-', 'PENGELOLA DOKUMEN KAPAL', '7', 'SEKSI TERTIB BERLAYAR', '', 'KKB'),
('198110222005021002', 'ADI KURNIAWAN', 'SUMEDANG', '22/10/1981', 'islam', 'D.III', '-', 'PENGATUR TK.I - II/D', '01/04/2013', '-', '-', 'KERANI KAPAL KELAS III KNP 356', '7', 'SEKSI PATROLI', '', 'PPP'),
('198111292006041001', 'RONALD EDWARD MARTIN', '-', '10/12/2017', '-', '-', '-', 'PENATA MUDA TK I - III/B', '10/12/2017', '-', '-', '-', '7', 'SUB BAGIAN KEPEGAWAIAN, UMUM DAN HUMAS', '', 'TU'),
('198202192003121004', 'BAYU WIBISONO', 'JAKARTA', '19/02/1982', 'islam', 'SLTA', '-', 'PENGATUR - II/D', '01/04/2016', '-', '-', 'PENGELOLA DOKUMEN KAPAL', '7', 'SEKSI TERTIB BERLAYAR', '', 'KKB'),
('198202222008121002', 'ANDREAS KURNIAWAN', 'PALEMBANG', '22/02/1982', 'islam', 'SLTA', 'MARINE INSPECTOR RADIO', 'PENATA MUDA  III/A', '01/04/2016', 'SRE-II', '-', 'MARINE INSPECTOR RADIO', '7', 'SEKSI SERTIFIKASI KESELAMATAN KAPAL', '', 'SHK'),
('198204262008121001', 'LA ANDI', 'JAKARTA', '26/04/1982', 'islam', 'SLTP', '-', 'JURU TK I', '01/12/2008', '-', '-', 'PENGAWAS KEAMANAN DAN KETERTIBAN PELABUHAN', '6', 'SEKSI PENJAGAAN', '', 'PPP'),
('198204292010122002', 'SUSI SRI MAULANI, A.MD', 'JAKARTA', '29/04/1982', 'islam', 'D.III', '-', 'PENGATUR TK.I - II/D', '01/04/2015', '-', '-', 'PENGOLAH DATA AWAK KAPAL', '7', 'SEKSI KEPELAUTAN', '', 'KKB'),
('198205142006041001', 'NURCAHYO', '-', '10/12/2017', '-', '-', '-', 'PENGATUR - II/C', '10/12/2017', '-', '-', 'BENDAHARA MATERIL', '7', 'SUB BAGIAN PERENCANAAN DAN KEUANGAN', 'iron.jpg', 'TU'),
('198205262003121003', 'EKO WAHYU PURWANA', '-', '10/12/2017', '-', '-', '-', 'PENGATUR TK.I - II/D', '10/12/2017', '-', '-', 'PENGELOLA ADMINISTRASI PERKANTORAN', '7', 'SUB BAGIAN KEPEGAWAIAN, UMUM DAN HUMAS', '', 'TU'),
('198205302007122002', 'EUIS HAPPY WANGLOAN, M.MAR., MM', 'TERNATE', '30/05/1982', 'islam', 'S2', 'MARINE INSPECTOR , PSC, KESYAHBANDARAN A ISM CODE', 'PENATA - III/C', '01/10/2017', 'ANT I', '-', 'MARINE INSPECTOR', '7', 'SEKSI SERTIFIKASI KESELAMATAN KAPAL', '', 'SHK'),
('198207212003121004', 'MUHAMAD WAHYUDIN', '-', '10/12/2017', '-', '-', '-', 'PENATA MUDA TK I - III/B', '10/12/2017', '-', '-', 'PENGELOLA ADMINISTRASI KEUANGAN', '7', 'SUB BAGIAN PERENCANAAN DAN KEUANGAN', '', 'TU'),
('198209182009122004', 'HAJJAR WINNY AVIANTI, S.KOM', 'JAKARTA', '18/09/1982', 'islam', 'S1', '-', 'PENATA MUDA TK I - III/B', '01/04/2014', '-', '-', 'PEMERIKSA KELAIKLAUTAN KAPAL', '6', 'SEKSI SERTIFIKASI KESELAMATAN KAPAL', '', 'SHK'),
('198209202005022001', 'NONI SUHARTINI', 'JAKARTA', '20/09/1982', 'islam', 'SLTA', '-', 'PENGATUR TK.I - II/D', '01/04/2017', '-', '-', 'PENGOLAH DATA AWAK KAPAL', '7', 'SEKSI KEPELAUTAN', '', 'KKB'),
('198209292003121003', 'FAISAL ASYUTI', 'JAMBI', '29/09/1982', 'islam', 'S1', ' MARINE  INSPECTOR A 2013', 'PENATA MUDA TK I - III/B', '01/04/2017', '-', '-', 'PENGELOLA DOKUMEN KAPAL', '7', 'SEKSI TERTIB BERLAYAR', '', 'KKB'),
('198210052002121002', 'IBNU REZA', 'JAKARTA', '05/10/1982', 'islam', 'SLTA', 'MENEMBAK', 'PENGATUR TK.I - II/D', '01/04/2015', '-', '-', 'PEMERIKSA KECELAKAAN KAPAL', '6', 'SEKSI PENUNJANG KESELAMATAN DAN PENYIDIKAN', '', 'PPP'),
('198211182003121002', 'TRI ADIGUNA', 'JAKARTA', '18/11/1982', 'islam', 'SLTA', '-', 'PENGATUR TK.I - II/D', '01/04/2016', '-', '-', 'MASINIS I KAPAL KELAS IV KNP 410', '8', 'SEKSI PATROLI', '', 'PPP'),
('198212262002121002', 'DADANG SOLAHUDIN', 'JAKARTA', '28/12/1982', 'islam', 'S1', '-', 'PENATA MUDA TK I - III/A', '01/10/2013', '-', '-', 'PENGELOLA DOKUMEN KAPAL', '7', 'SEKSI TERTIB BERLAYAR', '', 'KKB'),
('198303242002121005', 'KOMAR BADRI', '-', '10/12/2017', '-', '-', '-', 'PENATA MUDA TK I - II/D', '10/12/2017', '-', '-', 'PENGELOLA ADMINISTRASI KEUANGAN', '7', 'SUB BAGIAN PERENCANAAN DAN KEUANGAN', '', 'TU'),
('198304052007121002', 'GUSTI LUCKY ARMANSYAH', 'JAKARTA', '05/04/1983', 'islam', 'S1', '-', 'PENATA MUDA - III/A', '01/10/2014', 'BST', '-', 'PENGOLAH DATA AWAK KAPAL', '7', 'SEKSI KEPELAUTAN', '', 'KKB'),
('198305282014021001', 'RUDI WARTONO, S.PD', 'INDRAMAYU', '28/05/1983', 'islam', 'S1', '-', 'PENATA MUDA - III/A', '01/02/2014', '-', '-', 'KORDINATOR', '7', 'SEKSI PENJAGAAN', '', 'PPP'),
('198307282006041001', 'IBNU PAMUDIONO', 'JAKARTA', '28/07/1983', 'islam', 'D.III', '-', 'PENGATUR - II/C', '01/04/2012', '-', '-', 'PENGELOLA DOKUMEN KAPAL', '7', 'SEKSI TERTIB BERLAYAR', '', 'KKB'),
('198308162003121004', 'BINSAR DENNIS BERLIANTO, S.KOM', 'JAKARTA', '16/08/1983', 'kristen', 'S1', '-', 'PENATA MUDA TK I - III/B', '01/10/2013', '-', '-', 'PPNS', '7', 'SEKSI PENUNJANG KESELAMATAN DAN PENYIDIKAN', '', 'PPP'),
('198308232003121005', 'RIXKI SUSLA PUTRA, S.AP', 'BALI', '23/08/1983', 'islam', 'S1', '-', 'PENATA MUDA TK I - III/B', '01/04/2015', '-', '-', 'PENGELOLA DATA DAN LAPORAN', '6', 'SEKSI PENJAGAAN', '', 'PPP'),
('198309232003121005', 'RUSTAM', 'JAKARTA', '23/09/1983', 'islam', 'SLTA', '-', 'PENGATUR - II/C', '01/04/2012', '-', '-', 'PENGAWAS KEAMANAN DAN KETERTIBAN PELABUHAN', '6', 'SEKSI PENJAGAAN', '', 'PPP'),
('198311082003121002', 'ANTO PRIYADI', 'JAKARTA', '08/11/1983', 'islam', 'SLTA', '-', 'PENGATUR TK.I - II/D', '01/04/2016', '-', '-', 'PENGAWAS KEAMANAN DAN KETERTIBAN PELABUHAN', '6', 'SEKSI PENJAGAAN', '', 'PPP'),
('198311152007121002', 'M.A.SIGIT BIMO', 'JAKARTA', '15/11/1983', 'kristen', 'SLTA', '-', 'PENGATUR - II/C', '01/04/2016', 'BST', '-', 'PENGELOLA DOKUMEN KAPAL', '7', 'SEKSI TERTIB BERLAYAR', '', 'KKB'),
('198403032002121003', 'TEDY RISWANTO', '-', '10/12/2017', '-', '-', '-', 'PENGATUR TK.I - II/D', '10/12/2017', '-', '-', 'PETUGAS PNPB', '7', 'SUB BAGIAN PERENCANAAN DAN KEUANGAN', '', 'TU'),
('198403202010121003', 'BUDI ARIF, A. MD', 'JAKARTA', '20/03/1984', 'islam', 'D.III', 'PENDAFTARAN', 'PENGATUR TK.I - II/D', '01/04/2015', '-', '-', 'PETUGAS PENDAFTARAN DAN BALIK NAMA KAPAL', '7', 'SEKSI STATUS HUKUM KAPAL', '', 'SHK'),
('198403242003121005', 'ANDRO HOTMANRIANTO', 'JAKARTA', '24/03/1984', 'kristen', 'SLTA', '-', 'PENGATUR TK.I - II/D', '01/04/2016', '-', '-', 'PENGOLAH DATA AWAK KAPAL', '7', 'SEKSI KEPELAUTAN', '', 'KKB'),
('198404222005022001', 'YAYU TRI ADHTA, SH', 'JAKARTA', '22/04/1984', 'islam', 'S1', '-', 'PENATA MUDA TK I - III/B', '01/04/2015', '-', '-', 'PENGOLAH DATA AWAK KAPAL', '7', 'SEKSI KEPELAUTAN', '', 'KKB'),
('198406012005021001', 'HENDRI RUSDIAN', 'JAKARTA', '01/06/1984', 'islam', 'SLTA', '-', 'PENGATUR TK I - II/C', '01/10/2015', '-', '-', 'DINAS POLISI', '6', 'SEKSI PENUNJANG KESELAMATAN DAN PENYIDIKAN', '', 'PPP'),
('198409162015032002', 'GINA REGIANA, A.MD', 'PURWAKARTA', '16/09/1984', 'islam', 'D.III', '-', 'PENGATUR - II/C', '01/03/2015', '-', '-', 'SURVEYOR RANCANG BANGUN KAPAL', '7', 'SEKSI SERTIFIKASI KESELAMATAN KAPAL', '', 'SHK'),
('198410132014021002', 'INDRULLAH MUKHLIS, S.S.T.PEL.', 'JAKARTA', '13/10/1984', 'islam', 'D.IV', '-', 'PENATA MUDA - III/A', '01/02/2014', 'ANT II', '-', 'PENGAWAS KAPAL ASING', '6', 'SEKSI TERTIB BERLAYAR', '', 'KKB'),
('198410152009121002', 'DIRAJAYA PATUAN RUM, S.T.', 'JAKARTA', '15/10/1984', 'kristen', 'S1', ' MARINE INSPECTOR A 2011, KESYAHBANDARAN A', 'PENATA MUDA TK I - III/B', '01/04/2014', 'PERKAPALAN', '-', 'MARINE INSPECTOR', '7', 'SEKSI SERTIFIKASI KESELAMATAN KAPAL', '', 'SHK'),
('198410282002121004', 'DODY SATRYA', 'PADANG', '28/10/1984', 'islam', 'S1', 'MARINE INSPECTOR A', 'PENATA MUDA TK I - III/B', '01/10/2017', '-', '-', 'MARINE INSPECTOR', '7', 'SEKSI SERTIFIKASI KESELAMATAN KAPAL', '', 'SHK'),
('198501192008121001', 'ASRIADI', 'BENGKULU', '18/01/1985', 'islam', 'SLTA', '-', 'PENGATUR MUDA TK.I - II/B', '01/04/2013', '-', '-', 'MASINIS I KAPAL KELAS III KNP 356', '9', 'SEKSI PATROLI', '', 'PPP'),
('198502282010122004', 'SRI WAHYUNI SAPATI', '-', '10/12/2017', '-', '-', '-', 'PENGATUR MUDA TK.I - II/B', '10/12/2017', '-', '-', 'PETUGAS PNPB', '7', 'SUB BAGIAN PERENCANAAN DAN KEUANGAN', '', 'TU'),
('198503142003121003', 'RIKY ADE KURNIAWAN', 'PADANG', '14/03/1985', 'islam', 'SLTA', 'PENDAFTARAN KAPAL, PENGUKURAN KPL 11', 'PENGATUR TK.I - II/D', '01/04/2016', '-', '-', 'AHLI UKUR', '7', 'SEKSI STATUS HUKUM KAPAL', '', 'SHK'),
('198503272007121002', 'RADEN TAUFIK', 'JAKARTA', '27/05/1985', 'islam', 'D.III', 'PENGUKURAN KAPAL, PENDAFTARAN KAPAL, MARINE INSPECTOR B.', 'PENATA MUDA TK I - III/A', '01/10/2016', '-', '-', 'PEMROSES DATA PENGUKURAN KAPAL', '7', 'SEKSI STATUS HUKUM KAPAL', '', 'SHK'),
('198503302015031001', 'JOHN FREDDY BASTANTA LUBIS,S.SIT.', 'KARO', '30/03/1985', 'kristen', 'D.IV', '-', 'PENATA MUDA TK I - III/A', '01/03/2015', 'ANT II', '-', 'SURVEYOR RANCANG BANGUN KAPAL', '7', 'SEKSI SERTIFIKASI KESELAMATAN KAPAL', '', 'SHK'),
('198504012010122004', 'PRITA SARI PUSPITA A.MD.', '-', '10/12/2017', '-', '-', '-', 'PENGATUR TK.I - II/D', '10/12/2017', '-', '-', 'PENGELOLA ADMINISTRASI KEUANGAN', '7', 'SUB BAGIAN PERENCANAAN DAN KEUANGAN', '', 'TU'),
('198505292003121002', 'HENDRI RAMADHONI RAMSES', 'JAKARTA', '25/05/1985', 'islam', 'S1', '-', 'PENATA MUDA TK I - III/B', '01/10/2017', '-', '-', 'PENGELOLA DOKUMEN KAPAL', '7', 'SEKSI TERTIB BERLAYAR', '', 'KKB'),
('198506102007121001', 'DENDI HARDIAN', '-', '10/12/2017', '-', '-', '-', 'PENATA MUDA TK I - III/B', '10/12/2017', '-', '-', 'PENGELOLA ADMINISTRASI KEUANGAN', '7', 'SUB BAGIAN PERENCANAAN DAN KEUANGAN', '', 'TU'),
('198508152007122001', 'ARNITA, ST', 'JAKARTA', '15/08/1985', 'kristen', 'S1', 'LATDAS KESEMAPTAAN, MAPINE INSPECTOR A.', 'PENATA - III/C', '01/04/2016', '-', '-', 'MARINE INSPECTOR', '7', 'SEKSI SERTIFIKASI KESELAMATAN KAPAL', '', 'SHK'),
('198510042006041002', 'DANNY FERDIANSYAH', '-', '10/12/2017', '-', '-', '-', 'PENGATUR - II/C', '10/12/2017', '-', '-', 'PENGELOLA KEPEGAWAIAN', '7', 'SUB BAGIAN KEPEGAWAIAN, UMUM DAN HUMAS', '', 'TU'),
('198511132010121003', 'ADAM SATRIA DIRGANTARA', 'JAKARTA', '13/11/1985', 'islam', 'SLTA', '-', 'PENGATUR MUDA TK.I - II/B', '01/04/2015', '-', '-', 'PENGOLAH DATA AWAK KAPAL', '7', 'SEKSI KEPELAUTAN', '', 'KKB'),
('198601162008121001', 'TOGU TIRTAWAN SIAHAAN ', '-', '10/12/2017', '-', '-', '-', 'PENGATUR TK.I - II/D', '10/12/2017', '-', '-', 'PENGELOLA KEPEGAWAIAN', '7', 'SUB BAGIAN KEPEGAWAIAN, UMUM DAN HUMAS', '', 'TU'),
('198602082007121002', 'FADLI ADRIANSYAH', 'JAKARTA', '08/02/1986', 'islam', 'S1', '-', 'PENATA MUDA - III/A', '01/10/2015', '-', '-', 'PENGOLAH DATA DAN LAPORAN', '6', 'SEKSI TERTIB BERLAYAR', '', 'KKB'),
('198604192008121002', 'SEPTIYAN HADI', 'JAKARTA', '19/04/1986', 'islam', 'SLTA', 'KESYAHBANDARANN B, MARINE INSPECTOR B', 'PENGATUR - II/C', '01/04/2017', 'ANT II', '-', 'PENGAWAS TERTIB BANDAR DAN TERTIB BERLAYAR', '6', 'SEKSI TERTIB BANDAR', '', 'KKB'),
('198606092010121005', 'RIFKY MARIO SHANDY', 'JAKARTA', '09/06/1986', 'islam', 'SLTA', '-', 'PENGATUR MUDA TK.I - II/B', '01/04/2015', '-', '-', 'PENGELOLA DATA DAN LAPORAN', '6', 'SEKSI SERTIFIKASI KESELAMATAN KAPAL', '', 'SHK'),
('198606092010121006', 'SINTONG RAMOS', 'JAKARTA', '09/06/1986', 'kristen', 'SLTA', '-', 'PENGATUR MUDA TK.I - II/B', '01/04/2015', '-', '-', 'PENGAWAS TERTIB BANDAR DAN TERTIB BERLAYAR', '6', 'SEKSI TERTIB BANDAR', '', 'KKB'),
('198606142015031003', 'GUNTUR FITRAH PRAHENSA, SST', 'PEKANBARU', '14/06/1986', 'islam', 'D4', '-', 'PENATA MUDA - III/A', '01/03/2015', 'ANT II', '-', 'SURVEYOR RANCANG BANGUN KAPAL', '7', 'SEKSI SERTIFIKASI KESELAMATAN KAPAL', '', 'SHK'),
('198611062009121001', 'JEFFRY CORNELIS, A.MD', 'JAKARTA', '06/11/1986', 'kristen', 'D.III', 'BARANG DAN JASA', 'PENGATUR TK.I - II/D', '01/04/2014', '-', '-', 'PENYIAPAN BANTUAN MUSIBAH DAN TENAGA SAR', '7', 'SEKSI PATROLI', '', 'PPP'),
('198612222006041002', 'VALENTINUS CHRISTIAWAN  AKBAR HAKIM', 'JAKARTA', '22/12/1986', 'kristen', 'SLTA', 'PENDAFTARAN KAPAL 11, PENGUKURAN KAPAL', 'PENGATUR - II/C', '01/04/2014', '-', '-', 'PETUGAS PENDAFTARAN DAN BALIK NAMA KAPAL', '7', 'SEKSI STATUS HUKUM KAPAL', '', 'SHK'),
('198702252009121002', 'ANGGA REYNALDI', 'JAKARTA', '25/02/1987', 'islam', 'SLTA', '-', 'PENGATUR MUDA TK.I - II/B', '01/04/2014', 'ANT V', '-', 'PENGOLAH DATA AWAK KAPAL', '7', 'SEKSI KEPELAUTAN', '', 'KKB'),
('198705062010122005', 'HANNA FITRIANI', 'JAKARTA', '06/05/1987', 'islam', 'SLTA', '-', 'PENGATUR MUDA TK.I - II/B', '01/04/2015', '-', '-', 'PENGELOLA DATA DAN LAPORAN', '6', 'SEKSI SERTIFIKASI KESELAMATAN KAPAL', '', 'SHK'),
('198705222014022002', 'SUCI RATNA DEWI,S.S.', 'MAGELANG', '22/05/1987', 'islam', 'S1', '-', 'PENATA MUDA - III/A', '01/10/2014', '-', '-', 'PENGOLAH DATA AWAK KAPAL', '7', 'SEKSI KEPELAUTAN', '', 'KKB'),
('198708032010121002', 'AGUS TIANSYAH', 'JAKARTA', '03/08/1987', 'islam', 'SLTA', '-', 'PENGATUR MUDA TK.I - II/B', '01/04/2015', '-', '-', 'PEMERIKSA KELAIAKAN KAPAL', '6', 'SEKSI SERTIFIKASI KESELAMATAN KAPAL', '', 'SHK'),
('198710142009122001', 'INDAH KEMALA SARI, A.MD', 'JAKARTA', '14/10/1987', 'islam', 'D.III', '-', 'PENGATUR TK.I - II/D', '01/04/2014', '-', '-', 'PENGELOLA DATA DAN LAPORAN', '6', 'SEKSI PENJAGAAN', '', 'PPP'),
('198710152007121001', 'PAULUS ZONATHAN', 'JAKARTA', '15/10/1987', 'kristen', 'S1', '-', 'PENATA MUDA TK I - III/B', '01/01/2016', 'BST', '-', 'PENGOLAHAN DATA AWAK KAPAL', '7', 'SEKSI KEPELAUTAN', '', 'KKB'),
('198808072008121001', 'HERU SUMARNO', 'YOGJAKARTA', '07/08/1988', 'islam', 'SLTA', '-', 'PENGATUR MUDA TK.I - II/B', '01/04/2013', '-', '-', 'PENGAWAS KEAMANAN DAN KETERTIBAN PELABUHAN', '6', 'SEKSI PENJAGAAN', '', 'PPP'),
('198904122007121001', 'ALI ROHADI', 'JAKARTA', '12/04/1989', 'islam', 'S1', 'PPID, MARINE INSPECTOR B', 'PENATA MUDA TK I - III/A', '01/01/2015', '-', '-', 'PENILIK PERALATAN PENCEGAH PENCEMARAN', '7', 'SEKSI PENCEGAHAN PENCEMARAN DAN MANAJEMEN ', '', 'SHK'),
('198905022007121002', 'RUBEN CHRISTIAN', 'JAKARTA', '02/05/1989', 'kristen', 'SLTA', '-', 'PENATA MUDA - III/A', '01/04/2016', 'BST', '-', 'PENGOLAH DATA AWAK KAPAL', '7', 'SEKSI KEPELAUTAN', '', 'KKB'),
('198905032010121006', 'FAJAR FITRINANDO', 'JAKARTA', '01/04/2015', 'islam', 'SLTA', '-', 'PENGATUR MUDA TK.I - II/B', '01/04/2015', 'BST', '-', '-', '6', 'SEKSI SERTIFIKASI KESELAMATAN KAPAL', '', 'SHK'),
('198907132010122004', 'BUNGA ADHA ZDULKAIKHA', 'JAKARTA', '13/07/1989', 'Islam', 'SLTA', '-', 'PENGATUR MUDA TK.I - II/B', '01/04/2015', '-', '-', 'PENGOLAH DATA AWAK KAPAL', '7', 'SEKSI KEPELAUTAN', '', 'KKB'),
('198908302007122001', 'RATIH KUSUMA PUTRI', 'JAKARTA', '30/08/1989', 'islam', 'S1', '-', 'PENATA MUDA - III/A', '01/10/2014', '-', '-', 'PENGOLAH DATA AWAK KAPAL', '7', 'SEKSI KEPELAUTAN', '', 'KKB'),
('198909242014022011', 'LIKA DEWI AMARTIWI,S.S.T.PEL', 'TEGAL', '24/09/1989', 'islam', 'D.IV', 'MARINE INSPECTOR B', 'PENATA MUDA - III/A', '01/02/2014', 'ANT II', '-', 'PENGELOLA DATA AWAK KAPAL', '7', 'SEKSI KEPELAUTAN', '', 'KKB'),
('199012272010122002', 'DEASY EKA SUMARYANI', '-', '10/12/2017', '-', '-', '-', 'PENGATUR MUDA TK.I - II/B', '10/12/2017', '-', '-', 'PETUGAS PNPB', '7', 'SUB BAGIAN PERENCANAAN DAN KEUANGAN', '', 'TU'),
('199107212010122001', 'THERESIA JULIANA', 'JAKARTA', '21/07/1991', 'islam', 'SLTA', 'PENCEGAHAN DAN PENANGGULANGAN PENCEMARAN', 'PENGATUR MUDA TK.I - II/B', '01/10/2015', '-', '-', 'KORDINATOR', '7', 'SEKSI PENJAGAAN', '', 'PPP'),
('199113042010122001', 'TRI HANDAYANI', 'JAKARTA', '13/04/1991', 'islam', 'SLTA', '-', 'PENGATUR MUDA TK.I - II/B', '01/04/2015', '-', '-', 'PENGELOLA DATA DAN LAPORAN', '6', 'SEKSI PENJAGAAN', '', 'PPP'),
('199210272010122001', 'PRISKA CEILA', 'JAKARTA', '27/10/1992', 'kristen', 'SLTA', 'OUTBOND', 'PENGATUR MUDA TK.I - II/B', '01/04/2015', '-', '-', 'PENGELOLA DATA DAN LAPORAN', '6', 'SEKSI PENCEGAHAN PENCEMARAN DAN MANAJEMEN KESELAMATAN KAPAL ', '', 'SHK'),
('SHANDY MUHAMAD YUSUF, SE', 'SHANDY MUHAMAD YUSUF, SE', '-', '10/12/2017', '-', '-', '-', 'PENATA MUDA TK I - III/B', '10/12/2017', '-', '-', 'BENDAHARA PENGELUARAN', '7', 'SUB BAGIAN PERENCANAAN DAN KEUANGAN', '', 'TU');

-- --------------------------------------------------------

--
-- Struktur dari tabel `t_profile`
--

CREATE TABLE `t_profile` (
  `id_profile` varchar(10) NOT NULL,
  `visi` text NOT NULL,
  `misi` text NOT NULL,
  `sejarah` text NOT NULL,
  `video` varchar(40) NOT NULL
) ENGINE=InnoDB DEFAULT CHARSET=latin1;

--
-- Dumping data untuk tabel `t_profile`
--

INSERT INTO `t_profile` (`id_profile`, `visi`, `misi`, `sejarah`, `video`) VALUES
('PRF001', '<p>TERUNGGUL DALAM KINERJA DAN SEBAGAI PANUTAN DALAM PELAYANAN KESELAMATAN DAN KEAMANAN</p>', '<p>MEMBERIKAN PELAYANAN PRIMA DALAM PENGATURAN PENGENDALIAN DAN PENGAWASAN KESELAMATANDAN KEAMANAN PELAYARAN SESUAISTANDARNASIONAL DAN INTERNASIONAL DI WILAYAH KERJA PELABUHAN TANJUNG PRIOK</p>', '<div>Sekitar abad 16 di Nusantara telah dikenal kedudukan syahbandar yang berada pada setiap pelabuhan yang bertugas mengunjungi kapal sandar dan mengawasi kegiatan perdagangan di sekitar area pelabuhan, pergudangan, dan pasar. Para syahbandar ini juga bertugas menaksir berapa harga barang dagang dan menentukan pula berapa besar biaya pajak yang dikenakan pada suatu barang dagangan. Para syahbandar merupakan kepercayaan para raja dalam menerima bea masuk dan bea keluar dari barang-barang yang diperdagangkan di pelabuhan.&nbsp;</div>\r\n<p>&nbsp;</p>\r\n<div></div>\r\n<p>Tercatat pada masa itu beberapa kerajaan yang telah memiliki syahbandar di antaranya Kerajaan Aceh masa kejayaan Sultan Iskandar Muda, dan Kerajaan Demak yang memiliki pelabuhan Jepara. Demikian halnya pelabuhan-pelabuhan seperti Malaka, Banten, Tuban, Gresik, Martapura, Banjarmasin, Makassar, dan pelabuhan lainnya peran syahbandar yang memungut bea masuk dan keluar telah dikenal dalam kegiatan perdagangan.</p>', 'http://www.youtube.com/embed/linEFcjJ6xM');

-- --------------------------------------------------------

--
-- Struktur dari tabel `t_seksi`
--

CREATE TABLE `t_seksi` (
  `id_seksi` varchar(20) NOT NULL,
  `nama_seksi` text NOT NULL,
  `id_layananPublik` text NOT NULL
) ENGINE=InnoDB DEFAULT CHARSET=latin1;

--
-- Dumping data untuk tabel `t_seksi`
--

INSERT INTO `t_seksi` (`id_seksi`, `nama_seksi`, `id_layananPublik`) VALUES
('S001', 'Seksi Sertifikasi Keselamatan Kapal', 'LP002'),
('S002', 'Seksi Pencegahan Pencemaran dan Manajemen Keselamatan', 'LP002'),
('S003', 'Seksi Status Hukum Kapal', 'LP002'),
('S004', 'Seksi Kepelautan', 'LP003'),
('S005', 'Seksi Tertib Berlayar', 'LP003'),
('S006', 'Seksi Tertib Bandar', 'LP003'),
('S007', 'Seksi Patroli', 'LP004'),
('S008', 'Seksi Penunjang Keselamatan dan Penyidikan', 'LP004'),
('S009', 'Seksi Penjagaan', 'LP004'),
('S010', 'Seksi Tata Usaha', 'LP001');

-- --------------------------------------------------------

--
-- Struktur dari tabel `t_seksidanfile`
--

CREATE TABLE `t_seksidanfile` (
  `id` varchar(10) NOT NULL,
  `nama_seksi` text NOT NULL,
  `id_seksi` varchar(10) NOT NULL,
  `berkasfile` text NOT NULL
) ENGINE=InnoDB DEFAULT CHARSET=latin1;

--
-- Dumping data untuk tabel `t_seksidanfile`
--

INSERT INTO `t_seksidanfile` (`id`, `nama_seksi`, `id_seksi`, `berkasfile`) VALUES
('PJG001', 'Surat Pengawasan Bongkar Barang Berbahaya', 'S009', 'adumasyarakat.pdf'),
('PJG002', 'Surat Pengawasan Muat Barang Berbahaya', 'S009', 'bngkarbrngbrbahaya.pdf'),
('PJG003', 'Surat Pengawasan Bongkar Limbah B3', 'S009', 'bngkarlmbahb3.pdf'),
('PJG004', 'Surat Pengawasan Pengisian Bahan Bakar Kapal (Bunker Service)', 'S009', 'bnkerservice.pdf'),
('PJG005', 'Surat Pengawasan Bongkar Barang Khusus', 'S009', 'pngawsanbarangkhusus.pdf'),
('PJG006', 'Surat Pengawasan Muat Barang Khusus', 'S009', 'muatbrngkhusus.pdf'),
('PJG007', 'Surat Ijin Prinsip Penumpukan Barang Berbahaya', 'S009', 'tmpukbrngbrbahaya.pdf'),
('PJG008', 'Rekomendasi Keselamatan Pelayaran Pekerjaan Pengerukan', 'S009', 'pkrjaankeruk.pdf'),
('PJG009', 'Rekomendasi Keselamatan Pelayaran Pekerjaan Reklamasi', 'S009', 'reklamasi.pdf'),
('PJG010', 'Rekomendasi Keselamatan Pelayaran Terminal Untuk Kepentingan Sendiri (TUKS)', 'S009', 'tuks.pdf'),
('PKK001', 'Penerbitan anti teritip / anti fouling system (AFS) Certificate', 'S002', 'afs.pdf'),
('PKK002', 'Penerbitan endorsement sertifikat kesesuaian / Document of Compliance (DOC)', 'S002', 'doc.pdf'),
('PKK003', 'Penerbitan / Endorsment sertifikat internasioanal pencegahan', 'S002', 'iapp.pdf'),
('PKK004', 'Penerbitan / Endorsment sertfikat Internasional pencegahan / pencemaran oleh minyak / International Oil Pollution Prevention (IOPP)', 'S002', 'iopp.pdf'),
('PKK005', 'Penerbitan / Endorsment sertifikat internasional pencegahan pencemaran oleh kotoran / International Sewage Pollution Prevention (ISPP)', 'S002', 'ispp.pdf'),
('PKK006', 'Penerbitan / endorsement sertifikat internasional pencegahan pencemaran oleh bahan cair beracun / International Noxious Liquid Subtances Pollution Prevention', 'S002', 'bhancair.pdf'),
('PKK007', '/ International Noxious Liquid Subtances Pollution Prevention\r\nPenerbitan / endorsement sertifikat manajemen keselamatan kapal / Safety Management Certificate (SMC)\r\n', 'S002', 'smc.pdf'),
('PKK008', 'Penerbitan surat persetujuan pengangkutan limbah B3', 'S002', 'lmbahb3.pdf'),
('PKK009', 'Penerbitan / Endorsment sertifikat nasional pencegahan pencemaran (SNPP)', 'S002', 'snpp.pdf'),
('PKK010', 'Penerbitan surat persetujuan  pencucian tanki kapal / tank cleaning', 'S002', 'tankikapal.pdf'),
('SHK001', '	Pengukuran kapal', 'S003', 'ukurkapal.pdf'),
('SHK002', 'Penggantian bendera kapal', 'S003', 'bndrakpl.pdf'),
('SHK003', 'Surat keterangan penghapusan kapal', 'S003', 'pnghpusankapal.pdf'),
('SHK004', 'Pendaftaran hak milik atas kapal', 'S003', 'hakmilikataskpal.pdf'),
('SHK006', 'Hipotek kapal', 'S003', 'hipotekpal.pdf'),
('SHK007', 'Raya hipotek kapal', 'S003', 'royahipotek.pdf'),
('SHK008', 'Halaman Tambahan', 'S003', 'haltmbahan.pdf'),
('SHK009', 'Status hukum kapal', 'S003', 'statushukumkapl.pdf'),
('SHK010', 'Pas besar', 'S003', 'pasbesar.pdf'),
('SHK011', 'Surat laut sementara / pas besar sementara', 'S003', 'sratlautsmntara.pdf'),
('SHK012', 'Endorsement surat laut / pas besar', 'S003', 'endorsementsratlaut.pdf'),
('SHK013', 'Pas kecil / pas sungai dan danau', 'S003', 'paskecilsungaidandanau.pdf'),
('SHK014', 'Surat keterangan data', 'S003', 'tonasekpal.pdf'),
('SKK001', 'Pengantar Pengesahan Gambar Kapal dan bangunan baru dalam / Luar negeri', 'S001', 'pengantarpengesahankapaldanbangunanbaru.pdf'),
('SKK002', 'Inflatble Life Raft (ILR)', 'S001', 'ilrdanpmk.pdf'),
('SKK003', 'Pengantar sertifikat sementara menjadi permanen', 'S001', 'pengantarsertifikatsmntrmnjdprmanen.pdf'),
('SKK004', 'Penerbitan Approval VGM', 'S001', 'kselamatankoskapal.pdf'),
('SKK005', 'Pengesahan gambar kapal dalam rangka perombakan', 'S001', 'gmbrkapaldanprombakan.pdf'),
('SKK006', 'Penerbitan sertifikat keselamatan garis muat', 'S001', 'grismuatkapal.pdf'),
('SKK007', 'Penerbitan sertifikat keselamatan konstruksi', 'S001', 'grismuatkapal.pdf'),
('SKK008', 'Penerbitan Sertifikat Keselamatan Radio Kapal', 'S001', 'radiokapal.pdf'),
('SKK009', 'Penerbitan sertifkkat persyaratan khusus untuk kapal yang mengangkut barang berbahaya (dangerous goods)', 'S001', 'brngkapalbrbahaya.pdf'),
('SKK010', 'Penerbitan sertifikat pemenuhan persyaratan muatan padat secara curah (IMBSC goods)', 'S001', 'muatanpadatcurah.pdf'),
('SKK011', 'Penerbitan sertifikat kapal dengan fungsi khusus (Ship Safety Special Purpose)', 'S001', 'srtfikatkapalfngsikhsus.pdf'),
('SKK012', 'Penerbitan pembaharuan sertifikat keselamatan kapal (SEC', 'S001', 'pngwsandocking.pdf'),
('SKK013', 'Penerbiatan pembaharuan / perpanjangan sertifikat keselamatan kapal cepat (HSC)', 'S001', 'kslmtnkpalcpat.pdf'),
('SKK014', 'Sea Trial dan Compasseren', 'S001', 'seatrial.pdf'),
('SKP001', 'Buku Pelaut baru', 'S004', 'bukuplautbaru.pdf'),
('SKP002', 'Buku Pelaut penggantian habis masa berlaku', 'S004', 'bukuplautmasabrlakuhabis.pdf'),
('SKP003', 'Buku Pelaut penggantian hilang', 'S004', 'bukupenggantihilang.pdf'),
('SKP004', 'Perpanjangan buku pelaut', 'S004', 'prpnjanganbukuplaut.pdf'),
('SKP005', 'Pencantuman sertifikat keahlian pelaut', 'S004', 'keahlianlaut.pdf'),
('SKP006', 'Penyijilan sign off buku pelaut', 'S004', 'signoffbukuplaut.pdf'),
('SKP007', 'Penyijilan sign on buku pelaut', 'S004', 'signonbukupelaut.pdf'),
('SKP008', 'Penyijilan pada buku sijil', 'S004', 'penjaianbukusisjil.pdf'),
('SKP009', 'Pengesahan Crew list', 'S004', 'pngesahancrewlist.pdf'),
('SKP010', 'Minimum Safe Manning', 'S004', 'safemanning.pdf'),
('SKP011', 'Perjanjian Kerja Laut dalam negeri', 'S004', 'krjalautdalmnegri.pdf'),
('SKP012', 'Perjanjian Kerja Laut luar negeri', 'S004', 'prjanjianlautluarngri.pdf'),
('SKP013', 'Surat Keterangan Masa Berlayar', 'S004', 'masalayar.pdf'),
('SPK001', 'Kegiatan Pengelasan Kapal di Dermaga', 'S008', 'pngelasankpaldidrmaga.pdf'),
('SPK002', 'Kegiatan Pengelasan Darat', 'S008', 'lasdarat.pdf'),
('SPK003', 'Kegiatan Salvage Dan / Atau Pekerjaan Bawah Air (PBA) (Merupakan kewenangan Direktorat Jenderal', 'S008', 'pbs.pdf'),
('SPK004', 'Kegiatan Scrap', 'S008', 'scrap.pdf'),
('SPK005', 'Kegiatan  Alih Muat', 'S008', 'alihmuat.pdf'),
('SPK006', 'Penyidikan Tindak Pidana Pelayaran', 'S008', 'tndakpidanaplayaran.pdf'),
('SPK007', 'Laporan Kecelakaan Kapal (LKK) Dan Pemeriksaan Kecelakaan Kapal (BAPP)', 'S008', 'lkk dan bapp.pdf'),
('SPK008', 'AUDIT SOCPF (Fasilitas Pelabuhan)', 'S008', 'fasilitaspelabuhan.pdf'),
('SPK009', 'Verifikasi Isps Code Untuk Kapal (ISSC)', 'S008', 'issc.pdf'),
('SPTR001', 'Pengelasan Di Laut', 'S007', 'lasdilaut.pdf'),
('SPTR002', 'Penanggulangan Musibah Pelayaran / Sar', 'S007', 'sar.pdf'),
('STB001', 'Surat Persetujuan Berlayar (SPB)', 'S005', 'spb.pdf'),
('STB002', 'Lapor Tiba Kapal', 'S005', 'laportbakapl.pdf'),
('STB003', 'Surat Persetujuan Berlayar (Piket Jaga)', 'S005', 'piketjaga.pdf'),
('STB004', 'Lapor Tiba Kapal (Piket Jaga)', 'S005', 'tibakpal-pketjaga.pdf'),
('STB005', 'Pemeriksaan Kapal Asing (PSC)', 'S005', 'psc.pdf'),
('STB006', 'Crew list (Piket Jaga)', 'S005', 'crewlist.pdf'),
('STB007', 'Surat Persetujuab Berlayar Online  (SPB-Online)', 'S005', 'spbonline.pdf'),
('STB008', 'SPM Online', 'S005', 'spmonline.pdf'),
('TB001', 'Surat Persetujuan Olah Gerak Kapal', 'S006', 'grakkapal.pdf'),
('TB002', 'Surat Persetujuan Sandar Beaching', 'S006', 'sandarbeaching.pdf'),
('TB003', 'Surat Persetujuan Sandar Nusantara', 'S006', 'sndrnusantara.pdf'),
('TB004', 'Surat Persetujuan Sandar Haluan Darat', 'S006', 'haluandarat.pdf'),
('TB005', 'Surat Pengawasan Imobilisasi', 'S006', 'imobilisasi.pdf'),
('TB006', 'Surat Keterangan Penunjukan Pandu', 'S006', 'pandu.pdf'),
('TU001', 'Pelayanan Informasi Publik', 'S010', 'publik.pdf');

--
-- Indexes for dumped tables
--

--
-- Indexes for table `gallery`
--
ALTER TABLE `gallery`
  ADD PRIMARY KEY (`id_gambar`);

--
-- Indexes for table `kantorsyahbandar`
--
ALTER TABLE `kantorsyahbandar`
  ADD PRIMARY KEY (`idKantor`);

--
-- Indexes for table `lokasi`
--
ALTER TABLE `lokasi`
  ADD PRIMARY KEY (`Lokasi_id`);

--
-- Indexes for table `profileadmin`
--
ALTER TABLE `profileadmin`
  ADD PRIMARY KEY (`email`);

--
-- Indexes for table `statistik`
--
ALTER TABLE `statistik`
  ADD PRIMARY KEY (`ip`);

--
-- Indexes for table `t_admin`
--
ALTER TABLE `t_admin`
  ADD PRIMARY KEY (`username`);

--
-- Indexes for table `t_beranda`
--
ALTER TABLE `t_beranda`
  ADD PRIMARY KEY (`gambar_sejarah`);

--
-- Indexes for table `t_carrousel`
--
ALTER TABLE `t_carrousel`
  ADD PRIMARY KEY (`id_gambar`);

--
-- Indexes for table `t_gambarcarrousel`
--
ALTER TABLE `t_gambarcarrousel`
  ADD PRIMARY KEY (`id_gambar`);

--
-- Indexes for table `t_komentar`
--
ALTER TABLE `t_komentar`
  ADD PRIMARY KEY (`email`);

--
-- Indexes for table `t_layananpublik`
--
ALTER TABLE `t_layananpublik`
  ADD PRIMARY KEY (`id_layananPublik`);

--
-- Indexes for table `t_pegawai`
--
ALTER TABLE `t_pegawai`
  ADD PRIMARY KEY (`nip`);

--
-- Indexes for table `t_profile`
--
ALTER TABLE `t_profile`
  ADD PRIMARY KEY (`id_profile`);

--
-- Indexes for table `t_seksi`
--
ALTER TABLE `t_seksi`
  ADD PRIMARY KEY (`id_seksi`);

--
-- Indexes for table `t_seksidanfile`
--
ALTER TABLE `t_seksidanfile`
  ADD PRIMARY KEY (`id`);

/*!40101 SET CHARACTER_SET_CLIENT=@OLD_CHARACTER_SET_CLIENT */;
/*!40101 SET CHARACTER_SET_RESULTS=@OLD_CHARACTER_SET_RESULTS */;
/*!40101 SET COLLATION_CONNECTION=@OLD_COLLATION_CONNECTION */;
